Date,Open,Close,High,Low,Volume
11/5/2019 9:30,3080.8,3080.49,3081.47,3080.3,0
11/5/2019 9:31,3080.33,3079.36,3080.33,3079.15,0
11/5/2019 9:32,3079.43,3079.68,3080.46,3079.43,0
11/5/2019 9:33,3079.73,3079.15,3080.22,3079.12,0
11/5/2019 9:34,3079.2,3079.62,3080.03,3079.07,0
11/5/2019 9:35,3079.45,3079.89,3080.62,3079.45,0
11/5/2019 9:36,3079.75,3078.45,3079.75,3078.45,0
11/5/2019 9:37,3078.5,3078.17,3078.58,3078.05,0
11/5/2019 9:38,3078.24,3077.77,3078.38,3077.66,0
11/5/2019 9:39,3077.74,3077.97,3078.36,3077.74,0
11/5/2019 9:40,3077.95,3078.57,3078.64,3077.84,0
11/5/2019 9:41,3078.61,3078.66,3078.76,3078.31,0
11/5/2019 9:42,3078.63,3078.68,3078.92,3078.31,0
11/5/2019 9:43,3078.71,3078.59,3078.99,3078.54,0
11/5/2019 9:44,3078.6,3079.07,3079.07,3078.46,0
11/5/2019 9:45,3079.06,3077.8,3079.21,3077.78,0
11/5/2019 9:46,3077.94,3078.13,3078.35,3077.86,0
11/5/2019 9:47,3078.12,3077.79,3078.34,3077.59,0
11/5/2019 9:48,3077.8,3078.32,3078.63,3077.8,0
11/5/2019 9:49,3078.28,3079.07,3079.1,3078.22,0
11/5/2019 9:50,3079.02,3079.41,3079.41,3078.68,0
11/5/2019 9:51,3079.44,3079.26,3079.65,3079.18,0
11/5/2019 9:52,3079.21,3078.68,3079.3,3078.68,0
11/5/2019 9:53,3078.62,3078.89,3078.98,3078.35,0
11/5/2019 9:54,3078.91,3079.18,3079.26,3078.91,0
11/5/2019 9:55,3079.23,3079.56,3079.56,3079.12,0
11/5/2019 9:56,3079.59,3079.52,3080.05,3079.46,0
11/5/2019 9:57,3079.53,3079.18,3079.65,3079.1,0
11/5/2019 9:58,3079.2,3079.03,3079.3,3078.91,0
11/5/2019 9:59,3079.01,3078.53,3079.05,3078.4,0
11/5/2019 10:00,3080.94,3082.2,3082.24,3080.12,0
11/5/2019 10:01,3082.26,3083.89,3083.9,3082.09,0
11/5/2019 10:02,3083.89,3083.15,3083.89,3082.81,0
11/5/2019 10:03,3083.17,3083,3083.95,3083,0
11/5/2019 10:04,3082.95,3082.3,3082.97,3082.28,0
11/5/2019 10:05,3082.36,3081.43,3082.4,3081.35,0
11/5/2019 10:06,3081.42,3080.72,3081.42,3080.49,0
11/5/2019 10:07,3080.77,3079.75,3080.9,3079.75,0
11/5/2019 10:08,3079.43,3079.14,3079.68,3079.14,0
11/5/2019 10:09,3078.97,3077.55,3078.97,3076.71,0
11/5/2019 10:10,3077.48,3076.66,3077.51,3076.39,0
11/5/2019 10:11,3076.63,3074.37,3076.89,3074.33,0
11/5/2019 10:12,3074.41,3073.61,3074.5,3073.49,0
11/5/2019 10:13,3073.77,3075.44,3075.44,3073.77,0
11/5/2019 10:14,3075.41,3075.57,3075.83,3075.27,0
11/5/2019 10:15,3075.53,3074.18,3075.54,3074.06,0
11/5/2019 10:16,3074.24,3074.23,3074.62,3074.2,0
11/5/2019 10:17,3074.17,3075.69,3075.69,3074.07,0
11/5/2019 10:18,3075.7,3076.06,3076.58,3075.69,0
11/5/2019 10:19,3076,3075.84,3076.11,3075.54,0
11/5/2019 10:20,3075.85,3076.31,3076.31,3075.67,0
11/5/2019 10:21,3076.38,3077.1,3077.23,3076.38,0
11/5/2019 10:22,3077.1,3076.38,3077.1,3076.38,0
11/5/2019 10:23,3076.38,3075.43,3076.39,3075.11,0
11/5/2019 10:24,3075.41,3075.6,3075.66,3075.23,0
11/5/2019 10:25,3075.58,3075.16,3075.58,3075.13,0
11/5/2019 10:26,3075.16,3074.9,3075.16,3074.86,0
11/5/2019 10:27,3074.9,3074.89,3075.51,3074.89,0
11/5/2019 10:28,3074.86,3073.87,3074.93,3073.85,0
11/5/2019 10:29,3073.81,3074.05,3074.5,3073.45,0
11/5/2019 10:30,3074.1,3075.06,3075.07,3073.91,0
11/5/2019 10:31,3075.12,3074.43,3075.4,3074.43,0
11/5/2019 10:32,3074.32,3074.69,3074.69,3073.75,0
11/5/2019 10:33,3074.78,3074.75,3074.93,3074.22,0
11/5/2019 10:34,3074.68,3074.48,3075.1,3074.44,0
11/5/2019 10:35,3074.44,3075.32,3075.47,3074.43,0
11/5/2019 10:36,3075.37,3076.13,3076.26,3075.37,0
11/5/2019 10:37,3076.17,3075.92,3076.21,3075.43,0
11/5/2019 10:38,3075.88,3075.12,3075.88,3074.76,0
11/5/2019 10:39,3075.08,3074.93,3075.18,3074.63,0
11/5/2019 10:40,3074.91,3075.35,3075.43,3074.47,0
11/5/2019 10:41,3075.38,3074.71,3075.75,3074.56,0
11/5/2019 10:42,3074.7,3073.94,3074.7,3073.69,0
11/5/2019 10:43,3073.97,3073.97,3074.03,3073.35,0
11/5/2019 10:44,3073.96,3072.91,3074.2,3072.81,0
11/5/2019 10:45,3073.1,3072.39,3073.51,3072.39,0
11/5/2019 10:46,3072.39,3072.43,3072.8,3072.27,0
11/5/2019 10:47,3072.42,3072.44,3072.7,3072.27,0
11/5/2019 10:48,3072.55,3073.47,3073.47,3072.15,0
11/5/2019 10:49,3073.45,3072.81,3073.46,3072.71,0
11/5/2019 10:50,3072.84,3074.39,3074.39,3072.67,0
11/5/2019 10:51,3074.36,3073.53,3074.49,3073.5,0
11/5/2019 10:52,3073.48,3073.67,3073.67,3073.1,0
11/5/2019 10:53,3073.67,3072.59,3073.69,3072.57,0
11/5/2019 10:54,3072.65,3073.05,3073.05,3072.5,0
11/5/2019 10:55,3073.27,3073.73,3073.74,3073.11,0
11/5/2019 10:56,3073.7,3073.88,3074.01,3073.66,0
11/5/2019 10:57,3073.88,3074.47,3074.7,3073.88,0
11/5/2019 10:58,3074.44,3074.17,3074.47,3073.9,0
11/5/2019 10:59,3074.17,3074.02,3074.52,3074,0
11/5/2019 11:00,3074.77,3074.74,3075.12,3074.44,0
11/5/2019 11:01,3074.77,3075.03,3075.31,3074.74,0
11/5/2019 11:02,3074.93,3075.14,3075.14,3074.5,0
11/5/2019 11:03,3075.11,3075.17,3075.35,3074.79,0
11/5/2019 11:04,3075.21,3075.24,3075.94,3075.13,0
11/5/2019 11:05,3075.27,3075.19,3075.3,3074.88,0
11/5/2019 11:06,3075.18,3075.63,3075.76,3075.14,0
11/5/2019 11:07,3075.84,3076.56,3076.73,3075.77,0
11/5/2019 11:08,3076.47,3076.42,3076.7,3076.36,0
11/5/2019 11:09,3076.4,3076.2,3076.5,3075.99,0
11/5/2019 11:10,3076.24,3076.59,3076.7,3076.23,0
11/5/2019 11:11,3076.58,3076.52,3076.61,3076.28,0
11/5/2019 11:12,3076.53,3076.6,3076.77,3076.34,0
11/5/2019 11:13,3076.62,3076.31,3076.73,3076.26,0
11/5/2019 11:14,3076.33,3076.37,3076.43,3076.23,0
11/5/2019 11:15,3076.44,3077.55,3077.95,3076.44,0
11/5/2019 11:16,3077.44,3077.66,3077.74,3077.36,0
11/5/2019 11:17,3077.65,3077.52,3077.82,3077.52,0
11/5/2019 11:18,3077.51,3077.62,3077.81,3077.45,0
11/5/2019 11:19,3077.64,3077.09,3077.68,3077.09,0
11/5/2019 11:20,3077.08,3076.84,3077.37,3076.84,0
11/5/2019 11:21,3076.78,3076.15,3076.78,3076.15,0
11/5/2019 11:22,3076.14,3075.92,3076.15,3075.77,0
11/5/2019 11:23,3076.02,3075.86,3076.14,3075.61,0
11/5/2019 11:24,3075.85,3075.71,3075.87,3075.37,0
11/5/2019 11:25,3075.73,3076.56,3076.68,3075.73,0
11/5/2019 11:26,3076.54,3075.73,3076.68,3075.73,0
11/5/2019 11:27,3075.74,3075.38,3075.99,3075.38,0
11/5/2019 11:28,3075.36,3075.43,3075.53,3075.27,0
11/5/2019 11:29,3075.38,3076.04,3076.06,3075.35,0
11/5/2019 11:30,3076.03,3075.77,3076.21,3075.64,0
11/5/2019 11:31,3075.68,3075.84,3075.84,3075.51,0
11/5/2019 11:32,3075.9,3076.04,3076.07,3075.65,0
11/5/2019 11:33,3076.04,3076.27,3076.37,3075.86,0
11/5/2019 11:34,3076.23,3076.24,3076.29,3075.89,0
11/5/2019 11:35,3076.36,3077.11,3077.25,3076.17,0
11/5/2019 11:36,3077.05,3076.85,3077.05,3076.64,0
11/5/2019 11:37,3076.85,3076.52,3076.85,3076.52,0
11/5/2019 11:38,3076.53,3075.73,3076.54,3075.73,0
11/5/2019 11:39,3075.72,3075.33,3075.72,3075.22,0
11/5/2019 11:40,3075.28,3075.03,3075.32,3075,0
11/5/2019 11:41,3074.97,3075.12,3075.15,3074.84,0
11/5/2019 11:42,3075.15,3074.62,3075.35,3074.6,0
11/5/2019 11:43,3074.62,3074.48,3074.8,3074.47,0
11/5/2019 11:44,3074.47,3074.96,3075.04,3074.47,0
11/5/2019 11:45,3074.97,3075.26,3075.26,3074.84,0
11/5/2019 11:46,3075.27,3074.8,3075.34,3074.8,0
11/5/2019 11:47,3074.76,3073.99,3074.76,3073.97,0
11/5/2019 11:48,3074.01,3073.85,3074.01,3073.8,0
11/5/2019 11:49,3073.86,3073.62,3073.9,3073.62,0
11/5/2019 11:50,3073.65,3073.62,3073.67,3073.4,0
11/5/2019 11:51,3073.63,3074.07,3074.07,3073.5,0
11/5/2019 11:52,3074.07,3074.13,3074.29,3073.78,0
11/5/2019 11:53,3074.2,3074.61,3074.73,3074.2,0
11/5/2019 11:54,3074.63,3074.23,3074.71,3074.1,0
11/5/2019 11:55,3074.26,3074.7,3074.77,3074.08,0
11/5/2019 11:56,3074.69,3075.03,3075.06,3074.67,0
11/5/2019 11:57,3075.11,3075.08,3075.42,3074.9,0
11/5/2019 11:58,3075.12,3075.08,3075.37,3075.08,0
11/5/2019 11:59,3075.1,3075.04,3075.37,3074.96,0
11/5/2019 12:00,3075.03,3075.32,3075.38,3074.64,0
11/5/2019 12:01,3075.31,3075.45,3075.73,3075.19,0
11/5/2019 12:02,3075.45,3075.58,3075.59,3075.27,0
11/5/2019 12:03,3075.58,3075.72,3075.72,3075.33,0
11/5/2019 12:04,3075.74,3075.89,3076.17,3075.72,0
11/5/2019 12:05,3075.88,3076.41,3076.55,3075.88,0
11/5/2019 12:06,3076.4,3075.58,3076.4,3075.58,0
11/5/2019 12:07,3075.54,3075.17,3075.59,3075.17,0
11/5/2019 12:08,3075.15,3075.85,3075.85,3075.14,0
11/5/2019 12:09,3075.85,3075.85,3075.97,3075.73,0
11/5/2019 12:10,3075.89,3075.42,3076.03,3075.41,0
11/5/2019 12:11,3075.42,3074.85,3075.42,3074.82,0
11/5/2019 12:12,3074.87,3074.62,3075.1,3074.46,0
11/5/2019 12:13,3074.63,3074.4,3074.69,3074.32,0
11/5/2019 12:14,3074.37,3074.31,3074.45,3074.21,0
11/5/2019 12:15,3074.33,3073.91,3074.34,3073.9,0
11/5/2019 12:16,3073.88,3073.95,3073.99,3073.81,0
11/5/2019 12:17,3073.96,3074.45,3074.45,3073.94,0
11/5/2019 12:18,3074.42,3074.12,3074.42,3074.02,0
11/5/2019 12:19,3074.1,3073.72,3074.15,3073.71,0
11/5/2019 12:20,3073.92,3074.58,3074.68,3073.89,0
11/5/2019 12:21,3074.54,3074.24,3074.55,3074.22,0
11/5/2019 12:22,3074.24,3073.61,3074.24,3073.57,0
11/5/2019 12:23,3073.61,3073.23,3073.66,3073.16,0
11/5/2019 12:24,3073.21,3072.78,3073.21,3072.72,0
11/5/2019 12:25,3072.77,3072.64,3072.84,3072.42,0
11/5/2019 12:26,3072.64,3072.51,3072.73,3072.47,0
11/5/2019 12:27,3072.53,3073.27,3073.33,3072.53,0
11/5/2019 12:28,3073.28,3073.36,3073.41,3073.19,0
11/5/2019 12:29,3073.36,3073.14,3073.4,3073.08,0
11/5/2019 12:30,3073.1,3073.06,3073.1,3072.83,0
11/5/2019 12:31,3072.98,3072.91,3072.98,3072.63,0
11/5/2019 12:32,3072.91,3072.63,3072.93,3072.4,0
11/5/2019 12:33,3072.66,3072.55,3072.74,3072.38,0
11/5/2019 12:34,3072.56,3072.58,3072.61,3072.38,0
11/5/2019 12:35,3072.62,3073.29,3073.32,3072.62,0
11/5/2019 12:36,3073.29,3073.21,3073.29,3073.06,0
11/5/2019 12:37,3073.24,3073.34,3073.41,3073.24,0
11/5/2019 12:38,3073.35,3073.99,3073.99,3073.35,0
11/5/2019 12:39,3074.01,3073.95,3074.09,3073.8,0
11/5/2019 12:40,3073.95,3074.04,3074.09,3073.83,0
11/5/2019 12:41,3074.03,3074.2,3074.36,3074.03,0
11/5/2019 12:42,3074.25,3074.96,3074.96,3074.25,0
11/5/2019 12:43,3075.08,3075.9,3075.99,3075.08,0
11/5/2019 12:44,3075.92,3075.93,3076.04,3075.87,0
11/5/2019 12:45,3075.94,3076.13,3076.23,3075.91,0
11/5/2019 12:46,3076.15,3076.62,3076.82,3076.14,0
11/5/2019 12:47,3076.62,3076.02,3076.62,3075.97,0
11/5/2019 12:48,3076.03,3076.1,3076.1,3075.83,0
11/5/2019 12:49,3076.11,3076.03,3076.27,3075.99,0
11/5/2019 12:50,3076.01,3076.1,3076.18,3075.93,0
11/5/2019 12:51,3076.09,3076.56,3076.56,3076,0
11/5/2019 12:52,3076.56,3076.91,3077.04,3076.52,0
11/5/2019 12:53,3076.92,3076.79,3076.97,3076.66,0
11/5/2019 12:54,3076.82,3076.86,3076.86,3076.68,0
11/5/2019 12:55,3076.86,3077.42,3077.42,3076.86,0
11/5/2019 12:56,3077.43,3077.37,3077.53,3077.35,0
11/5/2019 12:57,3077.36,3077.54,3077.54,3077.06,0
11/5/2019 12:58,3077.55,3077.46,3077.58,3077.3,0
11/5/2019 12:59,3077.48,3077.81,3077.83,3077.48,0
11/5/2019 13:00,3077.77,3077.68,3077.77,3077.59,0
11/5/2019 13:01,3077.68,3077.39,3077.7,3077.39,0
11/5/2019 13:02,3077.39,3077.21,3077.39,3077.18,0
11/5/2019 13:03,3077.26,3076.97,3077.31,3076.92,0
11/5/2019 13:04,3076.97,3077.1,3077.12,3076.74,0
11/5/2019 13:05,3077.11,3077.46,3077.46,3077.06,0
11/5/2019 13:06,3077.47,3077.18,3077.59,3077.18,0
11/5/2019 13:07,3077.22,3077.26,3077.41,3077.14,0
11/5/2019 13:08,3077.26,3077.18,3077.33,3077.11,0
11/5/2019 13:09,3077.19,3077.16,3077.38,3077.16,0
11/5/2019 13:10,3077.16,3077.56,3077.57,3077.12,0
11/5/2019 13:11,3077.57,3077.62,3077.62,3077.46,0
11/5/2019 13:12,3077.65,3078.16,3078.16,3077.64,0
11/5/2019 13:13,3078.18,3078.39,3078.46,3078.17,0
11/5/2019 13:14,3078.6,3078.72,3078.97,3078.58,0
11/5/2019 13:15,3078.7,3078.87,3079.08,3078.58,0
11/5/2019 13:16,3078.86,3078.64,3078.86,3078.59,0
11/5/2019 13:17,3078.66,3078.3,3078.66,3078.12,0
11/5/2019 13:18,3078.28,3078.36,3078.47,3078.28,0
11/5/2019 13:19,3078.37,3078.43,3078.46,3078.09,0
11/5/2019 13:20,3078.43,3078.42,3078.45,3078.17,0
11/5/2019 13:21,3078.43,3077.87,3078.43,3077.87,0
11/5/2019 13:22,3077.89,3077.83,3077.89,3077.74,0
11/5/2019 13:23,3077.83,3077.72,3077.9,3077.61,0
11/5/2019 13:24,3077.74,3078.04,3078.04,3077.74,0
11/5/2019 13:25,3078.04,3077.99,3078.04,3077.84,0
11/5/2019 13:26,3078,3078.34,3078.36,3078,0
11/5/2019 13:27,3078.32,3078.43,3078.47,3078.32,0
11/5/2019 13:28,3078.38,3077.99,3078.4,3077.99,0
11/5/2019 13:29,3077.99,3077.77,3078.11,3077.77,0
11/5/2019 13:30,3077.78,3077.27,3077.78,3077.26,0
11/5/2019 13:31,3077.27,3077.34,3077.51,3077.25,0
11/5/2019 13:32,3077.35,3077.72,3077.76,3077.28,0
11/5/2019 13:33,3077.72,3077.97,3078.11,3077.72,0
11/5/2019 13:34,3077.97,3078.41,3078.45,3077.97,0
11/5/2019 13:35,3078.46,3078.01,3078.51,3077.97,0
11/5/2019 13:36,3078,3077.2,3078,3077.14,0
11/5/2019 13:37,3077.16,3077.05,3077.17,3076.83,0
11/5/2019 13:38,3077.06,3077.66,3077.68,3077.02,0
11/5/2019 13:39,3077.67,3077.6,3077.7,3077.53,0
11/5/2019 13:40,3077.63,3077.86,3077.86,3077.59,0
11/5/2019 13:41,3077.85,3077.88,3078.1,3077.82,0
11/5/2019 13:42,3077.89,3077.88,3078.04,3077.87,0
11/5/2019 13:43,3077.87,3077.92,3077.96,3077.68,0
11/5/2019 13:44,3077.91,3077.89,3078.07,3077.81,0
11/5/2019 13:45,3077.9,3077.91,3077.95,3077.76,0
11/5/2019 13:46,3077.93,3077.71,3077.93,3077.66,0
11/5/2019 13:47,3077.67,3077.56,3077.68,3077.56,0
11/5/2019 13:48,3077.54,3077.14,3077.56,3077.1,0
11/5/2019 13:49,3077.16,3077.32,3077.32,3077.08,0
11/5/2019 13:50,3077.35,3077.58,3077.76,3077.35,0
11/5/2019 13:51,3077.59,3077.94,3077.98,3077.48,0
11/5/2019 13:52,3077.93,3078.13,3078.13,3077.71,0
11/5/2019 13:53,3078.13,3078.08,3078.13,3077.98,0
11/5/2019 13:54,3078.06,3077.91,3078.06,3077.91,0
11/5/2019 13:55,3077.91,3077.95,3078.1,3077.9,0
11/5/2019 13:56,3077.96,3078.59,3078.7,3077.93,0
11/5/2019 13:57,3078.53,3078.73,3078.98,3078.51,0
11/5/2019 13:58,3078.71,3078.75,3078.78,3078.57,0
11/5/2019 13:59,3078.73,3078.24,3078.73,3078.13,0
11/5/2019 14:00,3078.21,3078.17,3078.28,3078.01,0
11/5/2019 14:01,3078.15,3077.88,3078.17,3077.64,0
11/5/2019 14:02,3077.89,3077.6,3077.89,3077.51,0
11/5/2019 14:03,3077.6,3077.78,3078.08,3077.59,0
11/5/2019 14:04,3077.85,3078.11,3078.11,3077.82,0
11/5/2019 14:05,3078.11,3078.73,3078.74,3078.05,0
11/5/2019 14:06,3078.76,3078.58,3078.82,3078.58,0
11/5/2019 14:07,3078.58,3078.9,3078.9,3078.53,0
11/5/2019 14:08,3078.9,3078.82,3078.92,3078.75,0
11/5/2019 14:09,3078.81,3079.17,3079.18,3078.79,0
11/5/2019 14:10,3079.16,3079.31,3079.63,3079.14,0
11/5/2019 14:11,3079.3,3079.37,3079.45,3079.27,0
11/5/2019 14:12,3079.37,3079.36,3079.4,3079.27,0
11/5/2019 14:13,3079.37,3079.24,3079.39,3079.2,0
11/5/2019 14:14,3079.27,3079.23,3079.36,3079.23,0
11/5/2019 14:15,3079.25,3079.44,3079.44,3079.24,0
11/5/2019 14:16,3079.45,3079.82,3079.87,3079.39,0
11/5/2019 14:17,3079.8,3079.63,3079.84,3079.58,0
11/5/2019 14:18,3079.62,3079.41,3079.64,3079.28,0
11/5/2019 14:19,3079.4,3079.52,3079.61,3079.4,0
11/5/2019 14:20,3079.51,3078.97,3079.54,3078.97,0
11/5/2019 14:21,3078.97,3078.79,3078.98,3078.77,0
11/5/2019 14:22,3078.79,3079.03,3079.03,3078.77,0
11/5/2019 14:23,3079.05,3079.13,3079.23,3079.05,0
11/5/2019 14:24,3079.13,3079.02,3079.22,3079.02,0
11/5/2019 14:25,3079.01,3079,3079.03,3078.81,0
11/5/2019 14:26,3078.93,3079.04,3079.12,3078.85,0
11/5/2019 14:27,3079.02,3078.96,3079.07,3078.96,0
11/5/2019 14:28,3078.91,3079.04,3079.05,3078.76,0
11/5/2019 14:29,3079.05,3079.15,3079.22,3078.9,0
11/5/2019 14:30,3079.15,3079.05,3079.21,3079.04,0
11/5/2019 14:31,3079.07,3078.82,3079.09,3078.74,0
11/5/2019 14:32,3078.82,3079.8,3079.88,3078.81,0
11/5/2019 14:33,3079.77,3079.34,3079.81,3079.26,0
11/5/2019 14:34,3079.31,3079.15,3079.31,3079.06,0
11/5/2019 14:35,3079.14,3078.84,3079.42,3078.84,0
11/5/2019 14:36,3078.83,3078.96,3079.08,3078.82,0
11/5/2019 14:37,3078.95,3078.6,3079.18,3078.49,0
11/5/2019 14:38,3078.58,3078.51,3078.64,3078.33,0
11/5/2019 14:39,3078.53,3078.34,3078.59,3078.34,0
11/5/2019 14:40,3078.32,3078.24,3078.32,3077.97,0
11/5/2019 14:41,3078.26,3077.96,3078.27,3077.92,0
11/5/2019 14:42,3077.96,3078.6,3078.6,3077.96,0
11/5/2019 14:43,3078.61,3078.7,3078.7,3078.4,0
11/5/2019 14:44,3078.69,3078.54,3078.91,3078.54,0
11/5/2019 14:45,3078.53,3078.51,3078.71,3078.4,0
11/5/2019 14:46,3078.48,3078.65,3078.67,3078.43,0
11/5/2019 14:47,3078.67,3078.45,3078.7,3078.36,0
11/5/2019 14:48,3078.45,3078.68,3078.75,3078.45,0
11/5/2019 14:49,3078.68,3078.79,3078.81,3078.52,0
11/5/2019 14:50,3078.79,3078.79,3078.87,3078.74,0
11/5/2019 14:51,3078.75,3078.73,3078.75,3078.6,0
11/5/2019 14:52,3078.71,3078.58,3078.71,3078.33,0
11/5/2019 14:53,3078.58,3078.9,3078.93,3078.49,0
11/5/2019 14:54,3078.9,3079.01,3079.01,3078.77,0
11/5/2019 14:55,3078.99,3078.82,3079.16,3078.73,0
11/5/2019 14:56,3078.81,3079.19,3079.3,3078.81,0
11/5/2019 14:57,3079.19,3079.13,3079.29,3079.09,0
11/5/2019 14:58,3079.12,3079.22,3079.23,3079.09,0
11/5/2019 14:59,3079.23,3078.89,3079.23,3078.87,0
11/5/2019 15:00,3078.88,3078.08,3078.89,3078.06,0
11/5/2019 15:01,3078.1,3078.29,3078.34,3078.08,0
11/5/2019 15:02,3078.3,3078.82,3078.9,3078.29,0
11/5/2019 15:03,3078.81,3078.85,3079.04,3078.72,0
11/5/2019 15:04,3078.83,3078.77,3078.85,3078.73,0
11/5/2019 15:05,3078.77,3078.49,3078.82,3078.34,0
11/5/2019 15:06,3078.52,3078.28,3078.63,3078.19,0
11/5/2019 15:07,3078.29,3077.56,3078.29,3077.47,0
11/5/2019 15:08,3077.53,3078.11,3078.14,3077.49,0
11/5/2019 15:09,3078.1,3078.54,3078.76,3078.09,0
11/5/2019 15:10,3078.55,3078.19,3078.55,3078.17,0
11/5/2019 15:11,3078.2,3077.69,3078.26,3077.69,0
11/5/2019 15:12,3077.68,3077.81,3077.81,3077.54,0
11/5/2019 15:13,3077.8,3077.79,3078.09,3077.73,0
11/5/2019 15:14,3077.8,3077.77,3077.89,3077.7,0
11/5/2019 15:15,3077.75,3077.56,3077.81,3077.55,0
11/5/2019 15:16,3077.54,3077.53,3077.55,3077.37,0
11/5/2019 15:17,3077.53,3076.8,3077.53,3076.8,0
11/5/2019 15:18,3076.8,3076.71,3076.92,3076.62,0
11/5/2019 15:19,3076.69,3077.08,3077.2,3076.69,0
11/5/2019 15:20,3077.04,3076.81,3077.04,3076.73,0
11/5/2019 15:21,3076.79,3077.39,3077.63,3076.78,0
11/5/2019 15:22,3077.38,3077.57,3077.63,3077.36,0
11/5/2019 15:23,3077.53,3077.97,3077.97,3077.48,0
11/5/2019 15:24,3077.98,3078.62,3078.62,3077.9,0
11/5/2019 15:25,3078.56,3077.71,3078.56,3077.7,0
11/5/2019 15:26,3077.62,3077.37,3077.62,3077.37,0
11/5/2019 15:27,3077.36,3077.42,3077.51,3077.27,0
11/5/2019 15:28,3077.42,3077.32,3077.57,3077.32,0
11/5/2019 15:29,3077.33,3076.95,3077.38,3076.95,0
11/5/2019 15:30,3076.91,3077.53,3077.56,3076.91,0
11/5/2019 15:31,3077.54,3076.16,3077.55,3076.16,0
11/5/2019 15:32,3076.17,3075.39,3076.17,3075.27,0
11/5/2019 15:33,3075.38,3075.57,3076.06,3075.29,0
11/5/2019 15:34,3075.59,3076.28,3076.29,3075.43,0
11/5/2019 15:35,3076.28,3076.98,3076.98,3076.08,0
11/5/2019 15:36,3077,3077.27,3077.36,3077,0
11/5/2019 15:37,3077.27,3077.29,3077.77,3077.26,0
11/5/2019 15:38,3077.3,3077.87,3077.89,3076.9,0
11/5/2019 15:39,3077.89,3078.29,3078.32,3077.89,0
11/5/2019 15:40,3078.27,3078.64,3078.64,3078.14,0
11/5/2019 15:41,3078.63,3078.15,3078.89,3078.06,0
11/5/2019 15:42,3078.16,3078.05,3078.24,3078.03,0
11/5/2019 15:43,3078.05,3078.14,3078.23,3078.05,0
11/5/2019 15:44,3078.16,3078.05,3078.41,3078.05,0
11/5/2019 15:45,3078.04,3078.56,3078.56,3077.93,0
11/5/2019 15:46,3078.57,3078.09,3078.65,3078.04,0
11/5/2019 15:47,3078.11,3077.41,3078.11,3077.41,0
11/5/2019 15:48,3077.38,3076.9,3077.38,3076.81,0
11/5/2019 15:49,3076.91,3076.62,3076.91,3076.1,0
11/5/2019 15:50,3076.23,3076.14,3077.06,3076.06,0
11/5/2019 15:51,3076.13,3076.13,3076.49,3075.82,0
11/5/2019 15:52,3076.38,3075.91,3076.38,3075.87,0
11/5/2019 15:53,3076.03,3076.36,3076.48,3076.01,0
11/5/2019 15:54,3077.04,3076.38,3077.17,3076.13,0
11/5/2019 15:55,3076.12,3075.89,3076.3,3075.52,0
11/5/2019 15:56,3075.92,3075.05,3076.07,3075.05,0
11/5/2019 15:57,3075.06,3074.11,3075.15,3074.08,0
11/5/2019 15:58,3074.37,3074.6,3075.59,3074.37,0
11/5/2019 15:59,3074.69,3074.81,3075.57,3073.65,0
11/5/2019 16:00,3074.78,3074.75,3074.78,3074.75,0
11/6/2019 9:30,3075.1,3074.12,3075.91,3073.9,0
11/6/2019 9:31,3074.02,3073.59,3074.12,3073.21,0
11/6/2019 9:32,3073.42,3071.78,3073.42,3071.74,0
11/6/2019 9:33,3071.76,3072.03,3072.07,3071.25,0
11/6/2019 9:34,3072.05,3071.2,3072.05,3071.12,0
11/6/2019 9:35,3071.19,3071.05,3071.44,3071.05,0
11/6/2019 9:36,3070.63,3071.99,3072.04,3070.08,0
11/6/2019 9:37,3071.88,3070.79,3071.88,3070.79,0
11/6/2019 9:38,3070.91,3071.04,3071.34,3070.78,0
11/6/2019 9:39,3071.07,3071.54,3071.78,3070.61,0
11/6/2019 9:40,3071.66,3071.59,3072,3071.24,0
11/6/2019 9:41,3071.64,3071.81,3071.86,3071.25,0
11/6/2019 9:42,3071.75,3072.32,3072.32,3071.75,0
11/6/2019 9:43,3072.31,3073.28,3073.28,3072.18,0
11/6/2019 9:44,3073.32,3072.97,3073.34,3072.72,0
11/6/2019 9:45,3073.1,3072.65,3073.28,3072.65,0
11/6/2019 9:46,3072.63,3072.18,3072.83,3072.11,0
11/6/2019 9:47,3072.13,3072.44,3072.9,3071.97,0
11/6/2019 9:48,3072.43,3072.01,3072.5,3071.76,0
11/6/2019 9:49,3072.06,3071.93,3072.19,3071.72,0
11/6/2019 9:50,3071.96,3071.97,3072,3071.64,0
11/6/2019 9:51,3072.03,3073.27,3073.39,3072.03,0
11/6/2019 9:52,3073.25,3072.68,3073.25,3072.18,0
11/6/2019 9:53,3072.65,3072.57,3072.82,3072.39,0
11/6/2019 9:54,3072.58,3072.89,3073.11,3072.58,0
11/6/2019 9:55,3072.88,3073.86,3073.93,3072.82,0
11/6/2019 9:56,3073.88,3074.33,3074.39,3073.75,0
11/6/2019 9:57,3074.37,3074.48,3074.48,3074.11,0
11/6/2019 9:58,3074.54,3074.45,3074.86,3074.37,0
11/6/2019 9:59,3074.44,3074.68,3074.81,3074.36,0
11/6/2019 10:00,3074.63,3075.32,3075.42,3074.45,0
11/6/2019 10:01,3075.36,3075.67,3075.72,3075.14,0
11/6/2019 10:02,3075.66,3075.89,3076.02,3075.66,0
11/6/2019 10:03,3075.86,3075.32,3075.9,3075.32,0
11/6/2019 10:04,3075.29,3075.07,3075.4,3074.98,0
11/6/2019 10:05,3075.1,3075.85,3076.02,3075.1,0
11/6/2019 10:06,3075.81,3075.21,3075.83,3075.21,0
11/6/2019 10:07,3075.17,3075.13,3075.47,3075.08,0
11/6/2019 10:08,3075.15,3074.96,3075.15,3074.71,0
11/6/2019 10:09,3074.98,3075.35,3075.35,3074.81,0
11/6/2019 10:10,3075.38,3075.85,3075.85,3074.94,0
11/6/2019 10:11,3075.85,3075.92,3076.29,3075.85,0
11/6/2019 10:12,3075.97,3075.99,3076.02,3075.59,0
11/6/2019 10:13,3075.99,3076.39,3076.78,3075.82,0
11/6/2019 10:14,3076.39,3076.48,3076.51,3076.19,0
11/6/2019 10:15,3076.55,3075.56,3076.61,3075.51,0
11/6/2019 10:16,3075.54,3075.94,3075.94,3075.48,0
11/6/2019 10:17,3075.9,3076.19,3076.36,3075.9,0
11/6/2019 10:18,3076.23,3075.77,3076.23,3075.63,0
11/6/2019 10:19,3075.77,3075.5,3075.86,3075.46,0
11/6/2019 10:20,3075.48,3075.51,3075.69,3075.34,0
11/6/2019 10:21,3075.55,3075.77,3075.99,3075.55,0
11/6/2019 10:22,3075.85,3075.21,3076.08,3075.14,0
11/6/2019 10:23,3075.2,3075.41,3075.41,3075.16,0
11/6/2019 10:24,3075.38,3076.13,3076.13,3075.38,0
11/6/2019 10:25,3076.18,3075.87,3076.29,3075.82,0
11/6/2019 10:26,3075.87,3075.47,3075.87,3075.38,0
11/6/2019 10:27,3075.47,3074.55,3075.48,3074.54,0
11/6/2019 10:28,3074.55,3073.94,3074.55,3073.75,0
11/6/2019 10:29,3073.96,3073.93,3074.16,3073.83,0
11/6/2019 10:30,3073.3,3073.18,3073.49,3072.75,0
11/6/2019 10:31,3073.19,3073.61,3073.72,3072.9,0
11/6/2019 10:32,3073.59,3073.21,3073.8,3073.21,0
11/6/2019 10:33,3073.25,3073.45,3073.74,3073.25,0
11/6/2019 10:34,3073.46,3073.22,3073.55,3073.22,0
11/6/2019 10:35,3073.22,3072.81,3073.22,3072.63,0
11/6/2019 10:36,3072.85,3072.95,3073.05,3072.67,0
11/6/2019 10:37,3072.98,3073.4,3073.72,3072.98,0
11/6/2019 10:38,3073.38,3073.55,3073.71,3073.38,0
11/6/2019 10:39,3073.51,3073.45,3073.61,3073.37,0
11/6/2019 10:40,3073.52,3073.68,3073.71,3073.5,0
11/6/2019 10:41,3073.77,3073.43,3073.93,3073.43,0
11/6/2019 10:42,3073.44,3074.86,3074.86,3073.42,0
11/6/2019 10:43,3074.86,3074.82,3075.06,3074.75,0
11/6/2019 10:44,3074.81,3074.55,3074.84,3074.17,0
11/6/2019 10:45,3074.58,3074.59,3074.82,3074.57,0
11/6/2019 10:46,3074.6,3073.95,3074.69,3073.8,0
11/6/2019 10:47,3074.03,3073.71,3074.47,3073.67,0
11/6/2019 10:48,3073.81,3074.32,3074.33,3073.78,0
11/6/2019 10:49,3074.33,3074.17,3074.38,3074.12,0
11/6/2019 10:50,3074.19,3073.48,3074.19,3073.44,0
11/6/2019 10:51,3073.49,3073.33,3073.71,3073.3,0
11/6/2019 10:52,3073.37,3073.71,3073.87,3073.3,0
11/6/2019 10:53,3073.71,3073.21,3073.71,3073.21,0
11/6/2019 10:54,3073.18,3072.96,3073.33,3072.96,0
11/6/2019 10:55,3072.96,3072.75,3073.01,3072.61,0
11/6/2019 10:56,3072.73,3073.21,3073.31,3072.69,0
11/6/2019 10:57,3073.22,3073,3073.34,3072.88,0
11/6/2019 10:58,3072.99,3072.71,3072.99,3072.49,0
11/6/2019 10:59,3072.73,3072.59,3072.87,3072.38,0
11/6/2019 11:00,3072.64,3073.59,3073.71,3072.64,0
11/6/2019 11:01,3073.56,3073.23,3073.57,3073.22,0
11/6/2019 11:02,3073.24,3072.84,3073.25,3072.55,0
11/6/2019 11:03,3072.9,3072.94,3073.31,3072.83,0
11/6/2019 11:04,3072.98,3073.88,3073.99,3072.98,0
11/6/2019 11:05,3073.9,3074.13,3074.29,3073.9,0
11/6/2019 11:06,3074.15,3074.3,3074.36,3074.01,0
11/6/2019 11:07,3074.27,3074.33,3074.34,3074.25,0
11/6/2019 11:08,3074.33,3074.53,3074.6,3074.33,0
11/6/2019 11:09,3074.48,3074.51,3074.83,3074.35,0
11/6/2019 11:10,3074.52,3074.59,3074.59,3074.46,0
11/6/2019 11:11,3074.57,3074.74,3074.83,3074.57,0
11/6/2019 11:12,3074.77,3074.58,3074.77,3074.52,0
11/6/2019 11:13,3074.59,3073.99,3074.65,3073.98,0
11/6/2019 11:14,3073.94,3073.47,3074,3073.42,0
11/6/2019 11:15,3073.49,3074.01,3074.05,3073.46,0
11/6/2019 11:16,3074.03,3074.06,3074.56,3074.03,0
11/6/2019 11:17,3074.04,3073.52,3074.07,3073.41,0
11/6/2019 11:18,3073.52,3073.83,3073.87,3073.49,0
11/6/2019 11:19,3073.83,3074.32,3074.36,3073.83,0
11/6/2019 11:20,3074.3,3073.89,3074.33,3073.87,0
11/6/2019 11:21,3073.88,3074.13,3074.16,3073.83,0
11/6/2019 11:22,3074.13,3073.68,3074.28,3073.67,0
11/6/2019 11:23,3073.67,3073.52,3073.81,3073.47,0
11/6/2019 11:24,3073.51,3073.41,3073.51,3073.35,0
11/6/2019 11:25,3073.45,3073.64,3073.64,3073.42,0
11/6/2019 11:26,3073.65,3073.98,3074,3073.65,0
11/6/2019 11:27,3073.97,3073.8,3074.01,3073.65,0
11/6/2019 11:28,3073.78,3073.39,3073.82,3073.26,0
11/6/2019 11:29,3073.39,3073.72,3073.72,3073.39,0
11/6/2019 11:30,3073.74,3074.79,3074.8,3073.61,0
11/6/2019 11:31,3074.8,3075.2,3075.46,3074.8,0
11/6/2019 11:32,3075.21,3075.52,3075.63,3075.21,0
11/6/2019 11:33,3075.56,3075.89,3075.89,3075.56,0
11/6/2019 11:34,3075.9,3075.98,3075.98,3075.8,0
11/6/2019 11:35,3076,3075.59,3076.12,3075.59,0
11/6/2019 11:36,3075.57,3075.95,3075.96,3075.57,0
11/6/2019 11:37,3075.96,3075.79,3075.98,3075.65,0
11/6/2019 11:38,3075.85,3075.81,3075.89,3075.65,0
11/6/2019 11:39,3075.82,3076.12,3076.15,3075.82,0
11/6/2019 11:40,3076.16,3075.97,3076.16,3075.87,0
11/6/2019 11:41,3075.98,3076.1,3076.13,3075.9,0
11/6/2019 11:42,3076.11,3076.28,3076.31,3076.07,0
11/6/2019 11:43,3076.28,3075.81,3076.32,3075.81,0
11/6/2019 11:44,3075.79,3070.42,3078.34,3070.16,0
11/6/2019 11:45,3070.6,3072.71,3072.88,3067.26,0
11/6/2019 11:46,3072.76,3071.57,3073.2,3070.85,0
11/6/2019 11:47,3071.73,3070.58,3072.03,3070.51,0
11/6/2019 11:48,3070.6,3068.25,3070.63,3068.21,0
11/6/2019 11:49,3068.29,3069.14,3069.76,3068.08,0
11/6/2019 11:50,3068.79,3067.96,3068.99,3067.74,0
11/6/2019 11:51,3067.9,3068.22,3068.22,3067.39,0
11/6/2019 11:52,3068.19,3066.38,3068.19,3066.21,0
11/6/2019 11:53,3066.43,3066.8,3067.66,3066.29,0
11/6/2019 11:54,3066.83,3066.44,3066.83,3065.89,0
11/6/2019 11:55,3066.41,3068.23,3068.23,3066.41,0
11/6/2019 11:56,3068.23,3068.48,3068.53,3067.96,0
11/6/2019 11:57,3068.47,3068.42,3068.53,3068.18,0
11/6/2019 11:58,3068.44,3068.92,3068.93,3068.44,0
11/6/2019 11:59,3068.93,3068.44,3069.14,3068.44,0
11/6/2019 12:00,3068.83,3068.7,3068.83,3068.19,0
11/6/2019 12:01,3068.71,3069.56,3069.56,3068.54,0
11/6/2019 12:02,3069.58,3070.01,3070.64,3069.55,0
11/6/2019 12:03,3070.07,3069.4,3070.07,3069.35,0
11/6/2019 12:04,3069.4,3070.23,3070.31,3069.39,0
11/6/2019 12:05,3070.17,3070.61,3070.73,3069.76,0
11/6/2019 12:06,3070.62,3070.42,3070.76,3070.41,0
11/6/2019 12:07,3070.42,3070.97,3070.97,3070.4,0
11/6/2019 12:08,3071.01,3071.51,3071.54,3070.94,0
11/6/2019 12:09,3071.5,3071.09,3071.75,3071.01,0
11/6/2019 12:10,3071.12,3070.7,3071.28,3070.7,0
11/6/2019 12:11,3070.67,3070.35,3070.96,3070.34,0
11/6/2019 12:12,3070.42,3070.66,3070.74,3070.17,0
11/6/2019 12:13,3070.64,3070.84,3071.07,3070.62,0
11/6/2019 12:14,3070.84,3070.9,3070.94,3070.66,0
11/6/2019 12:15,3070.9,3070.31,3070.9,3070.12,0
11/6/2019 12:16,3070.37,3070.03,3070.64,3069.99,0
11/6/2019 12:17,3070.03,3069.56,3070.06,3069.56,0
11/6/2019 12:18,3069.54,3069.64,3069.94,3069.54,0
11/6/2019 12:19,3069.64,3069.79,3070.04,3069.64,0
11/6/2019 12:20,3069.78,3070,3070,3069.51,0
11/6/2019 12:21,3070,3070.16,3070.44,3070,0
11/6/2019 12:22,3070.14,3070.14,3070.28,3069.95,0
11/6/2019 12:23,3070.11,3069.39,3070.11,3069.37,0
11/6/2019 12:24,3069.41,3069.8,3069.9,3069.41,0
11/6/2019 12:25,3069.8,3069.84,3070.05,3069.71,0
11/6/2019 12:26,3069.85,3069.2,3069.94,3069.2,0
11/6/2019 12:27,3069.18,3068.73,3069.19,3068.72,0
11/6/2019 12:28,3068.72,3068.65,3068.74,3068.49,0
11/6/2019 12:29,3068.66,3068.41,3068.83,3068.36,0
11/6/2019 12:30,3068.42,3068.54,3068.78,3068.4,0
11/6/2019 12:31,3068.54,3068.77,3068.77,3068.54,0
11/6/2019 12:32,3068.87,3068.7,3069.04,3068.6,0
11/6/2019 12:33,3068.72,3068.89,3068.9,3068.63,0
11/6/2019 12:34,3068.91,3069.15,3069.15,3068.88,0
11/6/2019 12:35,3069.14,3069.71,3069.71,3069.14,0
11/6/2019 12:36,3069.75,3070.17,3070.24,3069.75,0
11/6/2019 12:37,3070.18,3070.35,3070.35,3069.98,0
11/6/2019 12:38,3070.44,3070.77,3070.77,3070.32,0
11/6/2019 12:39,3070.79,3070.84,3070.85,3070.44,0
11/6/2019 12:40,3070.83,3070.97,3071.11,3070.83,0
11/6/2019 12:41,3070.96,3070.88,3071,3070.75,0
11/6/2019 12:42,3070.86,3070.66,3070.86,3070.53,0
11/6/2019 12:43,3070.65,3070.16,3070.65,3069.94,0
11/6/2019 12:44,3070.17,3069.9,3070.32,3069.89,0
11/6/2019 12:45,3069.94,3069.53,3069.95,3069.53,0
11/6/2019 12:46,3069.51,3069.3,3069.51,3069.17,0
11/6/2019 12:47,3069.3,3069.05,3069.3,3069.01,0
11/6/2019 12:48,3069.1,3068.67,3069.14,3068.58,0
11/6/2019 12:49,3068.71,3069.2,3069.23,3068.71,0
11/6/2019 12:50,3069.21,3069.08,3069.45,3069.08,0
11/6/2019 12:51,3069.08,3069.14,3069.17,3068.99,0
11/6/2019 12:52,3069.16,3069.12,3069.33,3069.08,0
11/6/2019 12:53,3069.25,3068.7,3069.31,3068.69,0
11/6/2019 12:54,3068.65,3068.85,3069.01,3068.61,0
11/6/2019 12:55,3068.86,3068.89,3069,3068.84,0
11/6/2019 12:56,3068.85,3068.76,3068.9,3068.74,0
11/6/2019 12:57,3068.76,3068.82,3068.92,3068.56,0
11/6/2019 12:58,3068.82,3068.94,3069.02,3068.69,0
11/6/2019 12:59,3068.94,3069.73,3069.74,3068.9,0
11/6/2019 13:00,3069.73,3069.9,3070.54,3069.68,0
11/6/2019 13:01,3069.85,3069.46,3069.86,3069.39,0
11/6/2019 13:02,3069.46,3069.69,3069.71,3069.24,0
11/6/2019 13:03,3069.66,3069.89,3069.92,3069.48,0
11/6/2019 13:04,3069.89,3070.01,3070.03,3069.67,0
11/6/2019 13:05,3070.02,3069.78,3070.02,3069.37,0
11/6/2019 13:06,3069.76,3069.3,3069.76,3069.28,0
11/6/2019 13:07,3069.29,3069.2,3069.33,3069.09,0
11/6/2019 13:08,3069.19,3068.33,3069.19,3068.26,0
11/6/2019 13:09,3068.32,3068.58,3068.7,3068.32,0
11/6/2019 13:10,3068.59,3068.99,3069,3068.41,0
11/6/2019 13:11,3068.99,3068.97,3069,3068.79,0
11/6/2019 13:12,3068.95,3069.21,3069.21,3068.95,0
11/6/2019 13:13,3069.24,3069.68,3069.68,3069.24,0
11/6/2019 13:14,3069.71,3069.8,3069.94,3069.67,0
11/6/2019 13:15,3069.83,3070.42,3070.42,3069.83,0
11/6/2019 13:16,3070.44,3070.58,3070.59,3070.28,0
11/6/2019 13:17,3070.58,3070.73,3071.09,3070.58,0
11/6/2019 13:18,3070.75,3071.22,3071.25,3070.75,0
11/6/2019 13:19,3071.22,3071.36,3071.37,3071.11,0
11/6/2019 13:20,3071.36,3072.25,3072.25,3071.36,0
11/6/2019 13:21,3072.25,3072.29,3072.35,3072.03,0
11/6/2019 13:22,3072.29,3072.14,3072.41,3072.06,0
11/6/2019 13:23,3072.13,3072.34,3072.45,3072.11,0
11/6/2019 13:24,3072.33,3072.31,3072.53,3072.21,0
11/6/2019 13:25,3072.31,3072.13,3072.32,3071.94,0
11/6/2019 13:26,3072.14,3072.41,3072.43,3072.14,0
11/6/2019 13:27,3072.41,3072.55,3072.7,3072.39,0
11/6/2019 13:28,3072.55,3073.21,3073.34,3072.53,0
11/6/2019 13:29,3073.22,3073.16,3073.37,3073.05,0
11/6/2019 13:30,3073.16,3073.12,3073.41,3073.12,0
11/6/2019 13:31,3073.09,3072.98,3073.09,3072.82,0
11/6/2019 13:32,3072.98,3072.67,3072.99,3072.67,0
11/6/2019 13:33,3072.66,3072.47,3072.76,3072.47,0
11/6/2019 13:34,3072.46,3072.24,3072.46,3072.24,0
11/6/2019 13:35,3072.25,3072.69,3072.69,3072.24,0
11/6/2019 13:36,3072.7,3072.4,3072.76,3072.4,0
11/6/2019 13:37,3072.44,3072.44,3072.58,3072.29,0
11/6/2019 13:38,3072.47,3073.2,3073.2,3072.47,0
11/6/2019 13:39,3073.23,3073.51,3073.61,3073.23,0
11/6/2019 13:40,3073.52,3073.66,3073.84,3073.5,0
11/6/2019 13:41,3073.66,3074.31,3074.38,3073.6,0
11/6/2019 13:42,3074.38,3074.27,3074.46,3074.23,0
11/6/2019 13:43,3074.27,3073.94,3074.27,3073.91,0
11/6/2019 13:44,3073.91,3074.29,3074.29,3073.78,0
11/6/2019 13:45,3074.29,3074.1,3074.48,3074.1,0
11/6/2019 13:46,3074.09,3073.93,3074.11,3073.88,0
11/6/2019 13:47,3073.92,3073.81,3074.19,3073.81,0
11/6/2019 13:48,3073.81,3073.75,3073.83,3073.59,0
11/6/2019 13:49,3073.73,3073.75,3073.75,3073.53,0
11/6/2019 13:50,3073.79,3074.01,3074.05,3073.79,0
11/6/2019 13:51,3074.01,3074.25,3074.27,3074.01,0
11/6/2019 13:52,3074.34,3074.67,3074.67,3074.34,0
11/6/2019 13:53,3074.66,3074.78,3074.98,3074.64,0
11/6/2019 13:54,3074.76,3074.77,3075,3074.75,0
11/6/2019 13:55,3074.75,3075.12,3075.41,3074.75,0
11/6/2019 13:56,3075.11,3075.12,3075.17,3074.93,0
11/6/2019 13:57,3075.14,3075.96,3076.18,3075.13,0
11/6/2019 13:58,3075.98,3075.79,3076.2,3075.73,0
11/6/2019 13:59,3075.81,3075.94,3075.97,3075.72,0
11/6/2019 14:00,3075.95,3076.25,3076.29,3075.95,0
11/6/2019 14:01,3076.24,3076.06,3076.39,3075.96,0
11/6/2019 14:02,3076.05,3075.64,3076.05,3075.63,0
11/6/2019 14:03,3075.61,3075.5,3075.89,3075.5,0
11/6/2019 14:04,3075.5,3075.72,3075.72,3075.42,0
11/6/2019 14:05,3075.74,3075.45,3075.93,3075.4,0
11/6/2019 14:06,3075.47,3075.54,3075.66,3075.46,0
11/6/2019 14:07,3075.53,3075.86,3075.9,3075.46,0
11/6/2019 14:08,3075.87,3076.14,3076.14,3075.87,0
11/6/2019 14:09,3076.14,3075.77,3076.16,3075.52,0
11/6/2019 14:10,3075.79,3075.51,3075.91,3075.48,0
11/6/2019 14:11,3075.52,3075.51,3075.64,3075.41,0
11/6/2019 14:12,3075.49,3075.23,3075.54,3075.11,0
11/6/2019 14:13,3075.22,3075.52,3075.71,3075.21,0
11/6/2019 14:14,3075.49,3075.86,3075.87,3075.46,0
11/6/2019 14:15,3075.84,3075.55,3075.84,3075.54,0
11/6/2019 14:16,3075.53,3075.63,3075.68,3075.51,0
11/6/2019 14:17,3075.73,3075.53,3075.85,3075.53,0
11/6/2019 14:18,3075.51,3075.39,3075.55,3075.33,0
11/6/2019 14:19,3075.38,3075.49,3075.66,3075.32,0
11/6/2019 14:20,3075.49,3075.93,3075.93,3075.49,0
11/6/2019 14:21,3075.97,3075.13,3076.07,3075.13,0
11/6/2019 14:22,3075.15,3074.49,3075.16,3074.49,0
11/6/2019 14:23,3074.49,3073.97,3074.51,3073.92,0
11/6/2019 14:24,3073.97,3074.8,3074.8,3073.69,0
11/6/2019 14:25,3074.85,3075.21,3075.3,3074.85,0
11/6/2019 14:26,3075.2,3075.13,3075.27,3075.11,0
11/6/2019 14:27,3075.13,3075.07,3075.14,3074.97,0
11/6/2019 14:28,3075.07,3074.84,3075.09,3074.72,0
11/6/2019 14:29,3074.86,3074.83,3074.9,3074.67,0
11/6/2019 14:30,3074.87,3075.2,3075.39,3074.86,0
11/6/2019 14:31,3075.18,3075.27,3075.34,3075.18,0
11/6/2019 14:32,3075.23,3074.73,3075.23,3074.67,0
11/6/2019 14:33,3074.75,3074.57,3074.85,3074.57,0
11/6/2019 14:34,3074.52,3074.46,3074.69,3074.45,0
11/6/2019 14:35,3074.5,3074.32,3074.66,3074.32,0
11/6/2019 14:36,3074.32,3074.37,3074.52,3074.22,0
11/6/2019 14:37,3074.37,3073.9,3074.43,3073.88,0
11/6/2019 14:38,3073.96,3074.33,3074.39,3073.85,0
11/6/2019 14:39,3074.31,3074.25,3074.31,3074.14,0
11/6/2019 14:40,3074.24,3074.55,3074.55,3074.17,0
11/6/2019 14:41,3074.56,3074.29,3074.69,3074.25,0
11/6/2019 14:42,3074.29,3074.9,3074.9,3074.29,0
11/6/2019 14:43,3074.88,3075.19,3075.2,3074.88,0
11/6/2019 14:44,3075.2,3074.9,3075.43,3074.74,0
11/6/2019 14:45,3074.91,3074.97,3075.1,3074.72,0
11/6/2019 14:46,3074.95,3074.83,3074.96,3074.66,0
11/6/2019 14:47,3074.81,3074.78,3074.97,3074.77,0
11/6/2019 14:48,3074.82,3074.7,3074.91,3074.7,0
11/6/2019 14:49,3074.73,3075,3075.05,3074.72,0
11/6/2019 14:50,3074.96,3075.06,3075.1,3074.91,0
11/6/2019 14:51,3075.07,3075.24,3075.33,3074.87,0
11/6/2019 14:52,3075.27,3075.23,3075.41,3075.14,0
11/6/2019 14:53,3075.25,3075.03,3075.29,3074.96,0
11/6/2019 14:54,3075.09,3074.96,3075.19,3074.87,0
11/6/2019 14:55,3074.97,3074.8,3075.05,3074.78,0
11/6/2019 14:56,3074.82,3074.96,3075.1,3074.82,0
11/6/2019 14:57,3074.94,3075.12,3075.12,3074.94,0
11/6/2019 14:58,3075.12,3075.19,3075.2,3075.03,0
11/6/2019 14:59,3075.18,3075.22,3075.26,3075.03,0
11/6/2019 15:00,3075.25,3074.57,3075.25,3074.57,0
11/6/2019 15:01,3074.55,3074.49,3074.7,3074.3,0
11/6/2019 15:02,3074.48,3074.24,3074.56,3074.21,0
11/6/2019 15:03,3074.27,3074.46,3074.47,3074.16,0
11/6/2019 15:04,3074.45,3074.28,3074.45,3074.25,0
11/6/2019 15:05,3074.28,3074.38,3074.51,3074.22,0
11/6/2019 15:06,3074.37,3074.2,3074.39,3073.89,0
11/6/2019 15:07,3074.2,3074.24,3074.32,3074.2,0
11/6/2019 15:08,3074.25,3073.74,3074.33,3073.74,0
11/6/2019 15:09,3073.76,3074.24,3074.25,3073.76,0
11/6/2019 15:10,3074.26,3074.98,3075.09,3074.25,0
11/6/2019 15:11,3074.96,3075.62,3075.63,3074.96,0
11/6/2019 15:12,3075.63,3075.38,3075.8,3075.38,0
11/6/2019 15:13,3075.38,3075.7,3075.7,3075.27,0
11/6/2019 15:14,3075.72,3075.4,3075.74,3075.29,0
11/6/2019 15:15,3075.41,3075.67,3075.67,3075.39,0
11/6/2019 15:16,3075.65,3075.37,3075.66,3075.26,0
11/6/2019 15:17,3075.38,3075.66,3075.72,3075.38,0
11/6/2019 15:18,3075.68,3075.77,3075.88,3075.68,0
11/6/2019 15:19,3075.76,3075.85,3075.85,3075.62,0
11/6/2019 15:20,3075.85,3076.48,3076.48,3075.82,0
11/6/2019 15:21,3076.53,3076.43,3076.54,3076.13,0
11/6/2019 15:22,3076.41,3075.97,3076.41,3075.74,0
11/6/2019 15:23,3075.96,3076.4,3076.41,3075.95,0
11/6/2019 15:24,3076.4,3075.87,3076.4,3075.86,0
11/6/2019 15:25,3075.87,3075.91,3076.01,3075.82,0
11/6/2019 15:26,3075.9,3075.57,3075.92,3075.57,0
11/6/2019 15:27,3075.56,3075.75,3075.75,3075.35,0
11/6/2019 15:28,3075.77,3075.38,3075.8,3075.38,0
11/6/2019 15:29,3075.38,3075.27,3075.38,3075.17,0
11/6/2019 15:30,3075.29,3074.55,3075.3,3074.49,0
11/6/2019 15:31,3074.54,3074.14,3074.8,3074.14,0
11/6/2019 15:32,3074.1,3073.94,3074.1,3073.87,0
11/6/2019 15:33,3073.94,3074.1,3074.11,3073.8,0
11/6/2019 15:34,3074.11,3074.08,3074.21,3073.96,0
11/6/2019 15:35,3074.1,3074.5,3074.5,3074.02,0
11/6/2019 15:36,3074.53,3074.42,3074.63,3074.31,0
11/6/2019 15:37,3074.38,3075.19,3075.19,3074.34,0
11/6/2019 15:38,3075.21,3075.51,3075.54,3075.17,0
11/6/2019 15:39,3075.51,3075.28,3075.51,3075.2,0
11/6/2019 15:40,3075.24,3074.48,3075.31,3074.48,0
11/6/2019 15:41,3074.46,3073.98,3074.52,3073.96,0
11/6/2019 15:42,3074.01,3073.94,3074.2,3073.9,0
11/6/2019 15:43,3073.93,3074.29,3074.33,3073.89,0
11/6/2019 15:44,3074.27,3073.96,3074.28,3073.93,0
11/6/2019 15:45,3073.88,3074.02,3074.03,3073.57,0
11/6/2019 15:46,3074.04,3074.08,3074.19,3074.01,0
11/6/2019 15:47,3074.07,3073.96,3074.18,3073.94,0
11/6/2019 15:48,3073.93,3074.37,3074.49,3073.85,0
11/6/2019 15:49,3074.37,3074.73,3074.73,3074.12,0
11/6/2019 15:50,3075.21,3075.61,3075.83,3075.21,0
11/6/2019 15:51,3075.64,3075.25,3075.71,3075.25,0
11/6/2019 15:52,3075.3,3074.74,3075.56,3074.74,0
11/6/2019 15:53,3074.74,3075.66,3075.66,3074.74,0
11/6/2019 15:54,3075.77,3075.69,3075.77,3075.13,0
11/6/2019 15:55,3076,3075.99,3076.07,3075.7,0
11/6/2019 15:56,3076,3076.22,3076.37,3075.75,0
11/6/2019 15:57,3076.15,3075.49,3076.15,3075.2,0
11/6/2019 15:58,3075.49,3075.54,3075.98,3075.49,0
11/6/2019 15:59,3075.69,3076.75,3076.79,3075.55,0
11/6/2019 16:00,3076.74,3076.73,3076.74,3076.72,0
11/7/2019 9:30,3087.02,3089.93,3090.17,3087.02,0
11/7/2019 9:31,3089.76,3090.44,3090.75,3089.64,0
11/7/2019 9:32,3090.65,3091.05,3091.05,3090.56,0
11/7/2019 9:33,3091.16,3089.51,3091.38,3089.51,0
11/7/2019 9:34,3089.4,3089.75,3090.39,3089.3,0
11/7/2019 9:35,3089.78,3090.44,3090.66,3089.76,0
11/7/2019 9:36,3090.38,3091.7,3092.67,3090.38,0
11/7/2019 9:37,3091.69,3092.22,3092.71,3091.6,0
11/7/2019 9:38,3092.28,3092.54,3093.3,3092.26,0
11/7/2019 9:39,3092.54,3093.1,3093.24,3092.54,0
11/7/2019 9:40,3093.17,3093.56,3093.75,3093.16,0
11/7/2019 9:41,3093.53,3095.45,3095.47,3093.53,0
11/7/2019 9:42,3095.48,3095.52,3095.74,3095.48,0
11/7/2019 9:43,3095.55,3094.48,3095.55,3094.24,0
11/7/2019 9:44,3094.55,3093.97,3094.64,3093.96,0
11/7/2019 9:45,3094.12,3094.15,3094.47,3094.08,0
11/7/2019 9:46,3094.16,3093.41,3094.19,3093.34,0
11/7/2019 9:47,3093.5,3093.59,3093.74,3093.17,0
11/7/2019 9:48,3093.67,3094.5,3094.5,3093.44,0
11/7/2019 9:49,3094.5,3093.7,3094.9,3093.7,0
11/7/2019 9:50,3093.59,3093.16,3093.64,3093.06,0
11/7/2019 9:51,3093.19,3092.91,3093.48,3092.85,0
11/7/2019 9:52,3092.97,3092.8,3092.97,3092.4,0
11/7/2019 9:53,3092.78,3093.19,3093.32,3092.68,0
11/7/2019 9:54,3093.16,3093.34,3093.49,3092.98,0
11/7/2019 9:55,3093.34,3092.95,3093.41,3092.84,0
11/7/2019 9:56,3092.9,3093.61,3093.61,3092.78,0
11/7/2019 9:57,3093.71,3094.06,3094.22,3093.71,0
11/7/2019 9:58,3094.04,3093.75,3094.13,3093.63,0
11/7/2019 9:59,3093.72,3093.82,3094.14,3093.7,0
11/7/2019 10:00,3094.02,3093.81,3094.58,3093.54,0
11/7/2019 10:01,3093.83,3093.04,3093.86,3093.04,0
11/7/2019 10:02,3092.85,3092.68,3092.93,3092.48,0
11/7/2019 10:03,3092.62,3092.59,3092.9,3092.14,0
11/7/2019 10:04,3092.66,3092.19,3092.71,3091.99,0
11/7/2019 10:05,3092.21,3091.77,3092.51,3091.77,0
11/7/2019 10:06,3091.76,3091.74,3092.11,3091.59,0
11/7/2019 10:07,3091.75,3091.54,3091.75,3091.21,0
11/7/2019 10:08,3091.58,3091.49,3091.68,3091.22,0
11/7/2019 10:09,3091.54,3091.51,3091.74,3091.47,0
11/7/2019 10:10,3091.43,3091.95,3092.11,3091.4,0
11/7/2019 10:11,3091.99,3091.95,3091.99,3091.65,0
11/7/2019 10:12,3091.96,3093.73,3093.74,3091.88,0
11/7/2019 10:13,3093.75,3093.71,3093.93,3093.46,0
11/7/2019 10:14,3093.83,3093.68,3094.2,3093.26,0
11/7/2019 10:15,3093.71,3094.39,3094.39,3093.68,0
11/7/2019 10:16,3094.4,3094.5,3094.6,3094.39,0
11/7/2019 10:17,3094.37,3094.79,3094.8,3094.33,0
11/7/2019 10:18,3094.8,3094.93,3095.3,3094.8,0
11/7/2019 10:19,3094.9,3094.73,3094.95,3094.73,0
11/7/2019 10:20,3094.74,3093.79,3094.74,3093.65,0
11/7/2019 10:21,3093.79,3093.66,3093.91,3093.43,0
11/7/2019 10:22,3093.7,3093.42,3093.78,3093.36,0
11/7/2019 10:23,3093.46,3093.17,3093.6,3092.98,0
11/7/2019 10:24,3093.19,3093.26,3093.49,3093.14,0
11/7/2019 10:25,3093.36,3093.26,3093.4,3093.23,0
11/7/2019 10:26,3093.25,3093.77,3093.85,3093.22,0
11/7/2019 10:27,3093.8,3093.56,3093.81,3093.43,0
11/7/2019 10:28,3093.55,3093.02,3093.56,3093.02,0
11/7/2019 10:29,3093.04,3093.11,3093.14,3092.94,0
11/7/2019 10:30,3093.1,3092.99,3093.76,3092.99,0
11/7/2019 10:31,3093.01,3093.33,3093.44,3093.01,0
11/7/2019 10:32,3093.36,3093.67,3094,3093.35,0
11/7/2019 10:33,3093.87,3094.43,3094.97,3093.87,0
11/7/2019 10:34,3094.43,3093.19,3094.43,3093.18,0
11/7/2019 10:35,3093.15,3093.13,3093.2,3092.38,0
11/7/2019 10:36,3093.14,3093.73,3093.75,3092.78,0
11/7/2019 10:37,3093.74,3093.88,3094.23,3093.73,0
11/7/2019 10:38,3093.92,3094.6,3094.66,3093.88,0
11/7/2019 10:39,3094.61,3095.06,3095.56,3094.61,0
11/7/2019 10:40,3095.11,3095.42,3095.42,3094.98,0
11/7/2019 10:41,3095.45,3095.44,3095.48,3095.18,0
11/7/2019 10:42,3095.43,3095.13,3095.43,3095.01,0
11/7/2019 10:43,3095.14,3095.14,3095.35,3095.08,0
11/7/2019 10:44,3095.14,3094.7,3095.14,3094.34,0
11/7/2019 10:45,3094.71,3095.05,3095.05,3094.61,0
11/7/2019 10:46,3095.1,3094.15,3095.1,3094.04,0
11/7/2019 10:47,3094.16,3094.45,3094.5,3094.06,0
11/7/2019 10:48,3094.46,3094.42,3094.5,3094.26,0
11/7/2019 10:49,3094.41,3094.19,3094.43,3094.19,0
11/7/2019 10:50,3094.18,3096.74,3097.15,3094.08,0
11/7/2019 10:51,3096.67,3096.42,3096.87,3096.42,0
11/7/2019 10:52,3096.43,3095.6,3096.43,3095.49,0
11/7/2019 10:53,3095.61,3094.95,3095.61,3094.7,0
11/7/2019 10:54,3095.03,3095.33,3095.76,3095.03,0
11/7/2019 10:55,3095.34,3095.3,3095.5,3095.23,0
11/7/2019 10:56,3095.31,3095.21,3095.39,3095.09,0
11/7/2019 10:57,3095.28,3095.76,3095.8,3095.21,0
11/7/2019 10:58,3095.79,3095.97,3096.01,3095.49,0
11/7/2019 10:59,3095.94,3095.41,3095.97,3095.38,0
11/7/2019 11:00,3095.4,3094.8,3095.4,3094.63,0
11/7/2019 11:01,3094.79,3095.52,3095.52,3094.75,0
11/7/2019 11:02,3095.51,3095.04,3095.62,3094.85,0
11/7/2019 11:03,3095.07,3095.11,3095.18,3094.78,0
11/7/2019 11:04,3095.07,3094.68,3095.08,3094.54,0
11/7/2019 11:05,3094.66,3094.23,3094.67,3094.22,0
11/7/2019 11:06,3094.19,3094.18,3094.31,3093.89,0
11/7/2019 11:07,3094.28,3094.17,3094.41,3094.1,0
11/7/2019 11:08,3094.15,3094.18,3094.23,3094.05,0
11/7/2019 11:09,3094.17,3093.47,3094.22,3093.46,0
11/7/2019 11:10,3093.5,3093.66,3094.02,3093.5,0
11/7/2019 11:11,3093.7,3093.95,3093.96,3093.69,0
11/7/2019 11:12,3093.97,3094.43,3094.45,3093.91,0
11/7/2019 11:13,3094.42,3094.56,3094.68,3094.34,0
11/7/2019 11:14,3094.58,3094.65,3094.7,3094.52,0
11/7/2019 11:15,3094.62,3094.17,3094.64,3094.13,0
11/7/2019 11:16,3094.17,3094.31,3094.38,3093.84,0
11/7/2019 11:17,3094.32,3094.5,3094.77,3094.32,0
11/7/2019 11:18,3094.51,3094.91,3094.94,3094.39,0
11/7/2019 11:19,3094.9,3094.69,3095.14,3094.67,0
11/7/2019 11:20,3094.72,3094.76,3094.81,3094.5,0
11/7/2019 11:21,3094.74,3094.53,3094.74,3094.53,0
11/7/2019 11:22,3094.54,3093.81,3094.71,3093.81,0
11/7/2019 11:23,3093.83,3093.68,3093.83,3093.55,0
11/7/2019 11:24,3093.66,3093.53,3093.66,3093.33,0
11/7/2019 11:25,3093.53,3093.06,3093.72,3093.04,0
11/7/2019 11:26,3093.05,3092.94,3093.11,3092.86,0
11/7/2019 11:27,3092.97,3092.87,3093.12,3092.87,0
11/7/2019 11:28,3092.87,3093.25,3093.41,3092.83,0
11/7/2019 11:29,3093.21,3093.11,3093.36,3093.04,0
11/7/2019 11:30,3093.11,3093.19,3093.53,3093.03,0
11/7/2019 11:31,3093.19,3092.91,3093.19,3092.8,0
11/7/2019 11:32,3092.86,3093.49,3093.49,3092.81,0
11/7/2019 11:33,3093.48,3093.59,3093.69,3093.36,0
11/7/2019 11:34,3093.6,3093.85,3094.06,3093.6,0
11/7/2019 11:35,3093.86,3094.01,3094.14,3093.85,0
11/7/2019 11:36,3094.03,3093.7,3094.19,3093.69,0
11/7/2019 11:37,3093.69,3093.12,3093.69,3093.12,0
11/7/2019 11:38,3093.11,3093.08,3093.11,3092.68,0
11/7/2019 11:39,3093.08,3093.23,3093.28,3093,0
11/7/2019 11:40,3093.25,3092.57,3093.28,3092.57,0
11/7/2019 11:41,3092.51,3092.16,3092.51,3091.93,0
11/7/2019 11:42,3092.14,3092.11,3092.15,3091.95,0
11/7/2019 11:43,3092.12,3092.26,3092.65,3092.08,0
11/7/2019 11:44,3092.25,3092.53,3092.7,3092.14,0
11/7/2019 11:45,3092.6,3092.62,3092.84,3092.6,0
11/7/2019 11:46,3092.61,3092,3092.61,3092,0
11/7/2019 11:47,3092,3091.78,3092.01,3091.67,0
11/7/2019 11:48,3091.77,3092.53,3092.53,3091.61,0
11/7/2019 11:49,3092.53,3092.47,3092.78,3092.44,0
11/7/2019 11:50,3092.46,3092.19,3092.46,3091.95,0
11/7/2019 11:51,3092.19,3091.98,3092.22,3091.94,0
11/7/2019 11:52,3091.98,3091.49,3092.14,3091.49,0
11/7/2019 11:53,3091.49,3091.13,3091.63,3091.12,0
11/7/2019 11:54,3091.15,3091.63,3091.69,3091.09,0
11/7/2019 11:55,3091.65,3091.83,3091.86,3091.46,0
11/7/2019 11:56,3091.82,3092.06,3092.31,3091.81,0
11/7/2019 11:57,3092.06,3092.04,3092.16,3091.94,0
11/7/2019 11:58,3091.99,3091.68,3091.99,3091.6,0
11/7/2019 11:59,3091.83,3097.31,3097.7,3091.83,0
11/7/2019 12:00,3097.58,3095.04,3097.77,3095.04,0
11/7/2019 12:01,3095.05,3094.8,3095.21,3094.75,0
11/7/2019 12:02,3094.82,3094.13,3095.08,3093.43,0
11/7/2019 12:03,3094.21,3094.52,3095.1,3094.21,0
11/7/2019 12:04,3094.54,3094.1,3094.58,3093.96,0
11/7/2019 12:05,3094.03,3093.48,3094.03,3093.4,0
11/7/2019 12:06,3093.48,3093.17,3093.56,3093.16,0
11/7/2019 12:07,3093.17,3093.86,3093.9,3093.1,0
11/7/2019 12:08,3093.86,3094.09,3094.09,3093.52,0
11/7/2019 12:09,3094.11,3094.21,3094.37,3094.04,0
11/7/2019 12:10,3094.23,3094.65,3094.69,3094.11,0
11/7/2019 12:11,3094.66,3094.74,3094.98,3094.65,0
11/7/2019 12:12,3094.75,3094.16,3094.76,3094.16,0
11/7/2019 12:13,3094.15,3094.12,3094.24,3093.9,0
11/7/2019 12:14,3094.14,3093.37,3094.22,3093.37,0
11/7/2019 12:15,3093.39,3092.51,3093.39,3092.49,0
11/7/2019 12:16,3092.5,3092.63,3092.95,3092.49,0
11/7/2019 12:17,3092.65,3092.75,3092.77,3092.35,0
11/7/2019 12:18,3092.8,3092.59,3092.92,3092.57,0
11/7/2019 12:19,3092.59,3092.93,3093.14,3092.59,0
11/7/2019 12:20,3092.93,3093.32,3093.42,3092.93,0
11/7/2019 12:21,3093.35,3093.42,3093.63,3093.32,0
11/7/2019 12:22,3093.43,3093.32,3093.62,3093.28,0
11/7/2019 12:23,3093.34,3093.83,3093.83,3093.22,0
11/7/2019 12:24,3093.81,3093.65,3093.89,3093.61,0
11/7/2019 12:25,3093.65,3093.46,3093.81,3093.46,0
11/7/2019 12:26,3093.46,3093.28,3093.49,3093.28,0
11/7/2019 12:27,3093.2,3093.76,3093.76,3093.2,0
11/7/2019 12:28,3093.78,3094.02,3094.02,3093.23,0
11/7/2019 12:29,3094.05,3094.61,3094.61,3094.05,0
11/7/2019 12:30,3094.61,3094.25,3094.61,3094.25,0
11/7/2019 12:31,3094.22,3093.92,3094.22,3093.75,0
11/7/2019 12:32,3093.92,3093.68,3093.92,3093.54,0
11/7/2019 12:33,3093.72,3093.74,3094.04,3093.71,0
11/7/2019 12:34,3093.74,3094.01,3094.02,3093.7,0
11/7/2019 12:35,3094.03,3093.39,3094.08,3093.37,0
11/7/2019 12:36,3093.4,3093.27,3093.4,3093.1,0
11/7/2019 12:37,3093.37,3093.34,3093.52,3093.31,0
11/7/2019 12:38,3093.32,3093.95,3094,3093.31,0
11/7/2019 12:39,3093.97,3093.62,3093.97,3093.45,0
11/7/2019 12:40,3093.62,3093.25,3093.76,3093.25,0
11/7/2019 12:41,3093.24,3093.63,3093.63,3093.09,0
11/7/2019 12:42,3093.63,3093.25,3093.76,3093.25,0
11/7/2019 12:43,3093.17,3093.26,3093.41,3093.14,0
11/7/2019 12:44,3093.24,3092.68,3093.24,3092.68,0
11/7/2019 12:45,3092.67,3092.5,3092.71,3092.25,0
11/7/2019 12:46,3092.58,3093.15,3093.15,3092.58,0
11/7/2019 12:47,3093.11,3093.05,3093.28,3093.05,0
11/7/2019 12:48,3093.11,3093.52,3093.59,3092.97,0
11/7/2019 12:49,3093.57,3093.99,3094.07,3093.56,0
11/7/2019 12:50,3094,3093.92,3094.08,3093.9,0
11/7/2019 12:51,3093.89,3094.08,3094.08,3093.57,0
11/7/2019 12:52,3094.1,3093.49,3094.1,3093.49,0
11/7/2019 12:53,3093.52,3093.51,3093.55,3093.37,0
11/7/2019 12:54,3093.5,3093.66,3093.75,3093.32,0
11/7/2019 12:55,3093.72,3093.81,3093.9,3093.57,0
11/7/2019 12:56,3093.9,3094.37,3094.37,3093.9,0
11/7/2019 12:57,3094.48,3094.5,3094.54,3094.32,0
11/7/2019 12:58,3094.51,3094.92,3094.92,3094.51,0
11/7/2019 12:59,3094.84,3094.4,3094.85,3094.39,0
11/7/2019 13:00,3094.42,3093.95,3094.52,3093.95,0
11/7/2019 13:01,3093.95,3093.93,3093.95,3093.67,0
11/7/2019 13:02,3093.93,3093.71,3094.12,3093.68,0
11/7/2019 13:03,3093.69,3093.77,3094.11,3093.69,0
11/7/2019 13:04,3093.81,3093.36,3093.81,3093.36,0
11/7/2019 13:05,3093.35,3093.07,3093.37,3092.92,0
11/7/2019 13:06,3093.09,3092.62,3093.09,3092.57,0
11/7/2019 13:07,3092.62,3092.6,3092.79,3092.39,0
11/7/2019 13:08,3092.58,3092.26,3092.58,3092.21,0
11/7/2019 13:09,3092.27,3092.45,3092.46,3092.17,0
11/7/2019 13:10,3092.45,3092.4,3092.79,3092.4,0
11/7/2019 13:11,3092.39,3092.44,3092.45,3092.3,0
11/7/2019 13:12,3092.47,3092.8,3092.83,3092.46,0
11/7/2019 13:13,3092.83,3092.58,3092.85,3092.38,0
11/7/2019 13:14,3092.6,3092.52,3092.73,3092.49,0
11/7/2019 13:15,3092.52,3092.24,3092.54,3092.23,0
11/7/2019 13:16,3092.24,3092.5,3092.56,3092.03,0
11/7/2019 13:17,3092.47,3092.49,3092.61,3092.3,0
11/7/2019 13:18,3092.5,3092.59,3092.81,3092.49,0
11/7/2019 13:19,3092.6,3092.35,3092.6,3092.21,0
11/7/2019 13:20,3092.34,3092.23,3092.37,3092.08,0
11/7/2019 13:21,3092.22,3092.31,3092.39,3092.13,0
11/7/2019 13:22,3092.31,3092.2,3092.33,3092.07,0
11/7/2019 13:23,3092.22,3092.08,3092.28,3092.08,0
11/7/2019 13:24,3092.08,3091.83,3092.1,3091.72,0
11/7/2019 13:25,3091.85,3091.94,3092.02,3091.82,0
11/7/2019 13:26,3091.93,3092.04,3092.04,3091.84,0
11/7/2019 13:27,3092.04,3092.17,3092.19,3091.94,0
11/7/2019 13:28,3092.17,3092.14,3092.23,3092.03,0
11/7/2019 13:29,3092.14,3092.22,3092.33,3092.13,0
11/7/2019 13:30,3092.22,3091.91,3092.27,3091.9,0
11/7/2019 13:31,3091.93,3091.43,3091.94,3091.4,0
11/7/2019 13:32,3091.44,3090.77,3091.44,3090.77,0
11/7/2019 13:33,3090.76,3091.15,3091.22,3090.67,0
11/7/2019 13:34,3091.16,3091.02,3091.16,3090.95,0
11/7/2019 13:35,3091.06,3090.25,3091.13,3090.25,0
11/7/2019 13:36,3090.29,3090.08,3090.32,3090.03,0
11/7/2019 13:37,3090.1,3090.29,3090.32,3090.1,0
11/7/2019 13:38,3090.29,3090.61,3090.72,3090.27,0
11/7/2019 13:39,3090.6,3090.74,3090.75,3090.54,0
11/7/2019 13:40,3090.72,3090.94,3090.98,3090.72,0
11/7/2019 13:41,3090.94,3090.78,3090.94,3090.76,0
11/7/2019 13:42,3090.8,3091.13,3091.13,3090.75,0
11/7/2019 13:43,3091.16,3091.03,3091.17,3091.03,0
11/7/2019 13:44,3091.03,3090.88,3091.12,3090.86,0
11/7/2019 13:45,3090.86,3091.07,3091.1,3090.81,0
11/7/2019 13:46,3091.08,3090.9,3091.11,3090.89,0
11/7/2019 13:47,3090.91,3090.39,3090.95,3090.33,0
11/7/2019 13:48,3090.41,3090.66,3090.86,3090.41,0
11/7/2019 13:49,3090.65,3090.79,3090.88,3090.64,0
11/7/2019 13:50,3090.78,3091.21,3091.25,3090.75,0
11/7/2019 13:51,3091.25,3091.35,3091.35,3091.19,0
11/7/2019 13:52,3091.34,3090.98,3091.34,3090.98,0
11/7/2019 13:53,3090.97,3091.02,3091.12,3090.92,0
11/7/2019 13:54,3091.02,3091.2,3091.34,3091.01,0
11/7/2019 13:55,3091.22,3091.35,3091.52,3091.22,0
11/7/2019 13:56,3091.39,3091.19,3091.44,3091.19,0
11/7/2019 13:57,3091.17,3090.88,3091.17,3090.85,0
11/7/2019 13:58,3090.88,3090.74,3090.94,3090.73,0
11/7/2019 13:59,3090.74,3090.9,3091,3090.72,0
11/7/2019 14:00,3090.97,3091.65,3091.65,3090.92,0
11/7/2019 14:01,3091.64,3092.02,3092.09,3091.64,0
11/7/2019 14:02,3092.03,3092.27,3092.36,3091.7,0
11/7/2019 14:03,3092.25,3092.26,3092.28,3091.84,0
11/7/2019 14:04,3092.27,3092.58,3092.79,3092.27,0
11/7/2019 14:05,3092.57,3092.26,3092.57,3092.26,0
11/7/2019 14:06,3092.25,3092.4,3092.44,3092.1,0
11/7/2019 14:07,3092.39,3092.67,3092.7,3092.37,0
11/7/2019 14:08,3092.67,3092.2,3092.75,3092.2,0
11/7/2019 14:09,3092.19,3092.03,3092.19,3091.98,0
11/7/2019 14:10,3092.02,3092.06,3092.11,3091.95,0
11/7/2019 14:11,3092.06,3092.25,3092.31,3092.06,0
11/7/2019 14:12,3092.24,3092.38,3092.38,3092.2,0
11/7/2019 14:13,3092.38,3092.3,3092.41,3092.19,0
11/7/2019 14:14,3092.3,3092.79,3092.79,3092.21,0
11/7/2019 14:15,3092.79,3092.64,3092.79,3092.46,0
11/7/2019 14:16,3092.67,3092.65,3092.67,3092.47,0
11/7/2019 14:17,3092.66,3092.82,3092.83,3092.57,0
11/7/2019 14:18,3092.84,3093.04,3093.1,3092.8,0
11/7/2019 14:19,3093.04,3093.11,3093.11,3092.91,0
11/7/2019 14:20,3093.19,3092.87,3093.21,3092.84,0
11/7/2019 14:21,3092.87,3092.79,3092.95,3092.73,0
11/7/2019 14:22,3092.8,3093.22,3093.24,3092.77,0
11/7/2019 14:23,3093.22,3093.08,3093.22,3092.93,0
11/7/2019 14:24,3093.06,3092.88,3093.13,3092.86,0
11/7/2019 14:25,3092.85,3092.55,3092.85,3092.55,0
11/7/2019 14:26,3092.56,3092.51,3092.66,3092.5,0
11/7/2019 14:27,3092.52,3092.28,3092.54,3092.27,0
11/7/2019 14:28,3092.27,3092.19,3092.29,3092.13,0
11/7/2019 14:29,3092.19,3092.12,3092.19,3091.97,0
11/7/2019 14:30,3092.11,3091.7,3092.12,3091.7,0
11/7/2019 14:31,3091.69,3091.52,3091.75,3091.4,0
11/7/2019 14:32,3091.52,3091.83,3091.83,3091.5,0
11/7/2019 14:33,3091.83,3091.28,3091.84,3091.28,0
11/7/2019 14:34,3091.27,3090.75,3091.28,3090.7,0
11/7/2019 14:35,3090.76,3091.12,3091.13,3090.74,0
11/7/2019 14:36,3091.1,3090.91,3091.2,3090.9,0
11/7/2019 14:37,3090.92,3090.7,3091,3090.56,0
11/7/2019 14:38,3090.76,3090.81,3090.81,3090.66,0
11/7/2019 14:39,3090.87,3091.21,3091.21,3090.82,0
11/7/2019 14:40,3091.22,3091.49,3091.49,3091.22,0
11/7/2019 14:41,3091.5,3091.24,3091.5,3091.19,0
11/7/2019 14:42,3091.25,3091.24,3091.47,3091.24,0
11/7/2019 14:43,3091.25,3085.55,3091.42,3085.55,0
11/7/2019 14:44,3085,3086.33,3088.4,3083.23,0
11/7/2019 14:45,3086.2,3086.83,3087.74,3086.2,0
11/7/2019 14:46,3086.82,3087.51,3087.51,3086.43,0
11/7/2019 14:47,3087.53,3086.79,3087.53,3086.79,0
11/7/2019 14:48,3086.75,3086.36,3086.75,3086.06,0
11/7/2019 14:49,3086.27,3086.02,3086.53,3085.77,0
11/7/2019 14:50,3085.97,3085.06,3085.97,3084.13,0
11/7/2019 14:51,3085.19,3085.7,3085.82,3085.14,0
11/7/2019 14:52,3085.69,3087.07,3087.18,3085.69,0
11/7/2019 14:53,3087.08,3087.1,3087.31,3087,0
11/7/2019 14:54,3087.17,3086.02,3087.17,3085.86,0
11/7/2019 14:55,3086.03,3086.73,3086.77,3086.03,0
11/7/2019 14:56,3086.75,3087.11,3087.23,3086.75,0
11/7/2019 14:57,3087.12,3086.7,3087.23,3086.66,0
11/7/2019 14:58,3086.77,3086.95,3087.04,3086.71,0
11/7/2019 14:59,3086.94,3087.19,3087.36,3086.9,0
11/7/2019 15:00,3087.2,3087.75,3087.94,3087.19,0
11/7/2019 15:01,3087.74,3087.67,3087.92,3087.6,0
11/7/2019 15:02,3087.68,3088.38,3088.51,3087.68,0
11/7/2019 15:03,3088.35,3088.5,3088.74,3088.25,0
11/7/2019 15:04,3088.53,3088.25,3088.74,3088.25,0
11/7/2019 15:05,3088.31,3087.61,3088.42,3087.55,0
11/7/2019 15:06,3087.6,3087.86,3087.88,3087.44,0
11/7/2019 15:07,3087.86,3087.47,3087.86,3087.41,0
11/7/2019 15:08,3087.43,3087.33,3087.64,3087.17,0
11/7/2019 15:09,3087.34,3087.32,3087.69,3087.28,0
11/7/2019 15:10,3087.32,3086.75,3087.33,3086.5,0
11/7/2019 15:11,3086.76,3086.83,3087.04,3086.66,0
11/7/2019 15:12,3086.8,3087.16,3087.23,3086.8,0
11/7/2019 15:13,3087.17,3086.2,3087.17,3086.19,0
11/7/2019 15:14,3086.2,3085.56,3086.2,3085.56,0
11/7/2019 15:15,3085.5,3084.91,3085.5,3084.82,0
11/7/2019 15:16,3084.89,3084.3,3084.92,3084.2,0
11/7/2019 15:17,3084.35,3083.99,3084.42,3083.87,0
11/7/2019 15:18,3084.01,3082.83,3084.01,3082.46,0
11/7/2019 15:19,3082.79,3082.13,3083.06,3082.13,0
11/7/2019 15:20,3082.21,3080.79,3082.53,3080.68,0
11/7/2019 15:21,3080.77,3081.94,3081.94,3080.28,0
11/7/2019 15:22,3081.88,3082.66,3082.9,3081.77,0
11/7/2019 15:23,3082.61,3082.89,3083.04,3082.57,0
11/7/2019 15:24,3082.89,3081.94,3082.98,3081.94,0
11/7/2019 15:25,3081.92,3082.62,3082.62,3081.75,0
11/7/2019 15:26,3082.75,3082.42,3082.8,3082.4,0
11/7/2019 15:27,3082.43,3083.19,3083.19,3082.41,0
11/7/2019 15:28,3083.2,3083.33,3083.36,3083.09,0
11/7/2019 15:29,3083.32,3083.66,3083.71,3083.32,0
11/7/2019 15:30,3083.7,3084.02,3084.13,3083.68,0
11/7/2019 15:31,3084.03,3083.85,3084.35,3083.53,0
11/7/2019 15:32,3083.85,3083.94,3083.99,3083.63,0
11/7/2019 15:33,3083.93,3083.7,3083.93,3083.62,0
11/7/2019 15:34,3083.76,3084.52,3084.52,3083.73,0
11/7/2019 15:35,3084.5,3083.77,3084.72,3083.76,0
11/7/2019 15:36,3083.77,3082.85,3083.92,3082.79,0
11/7/2019 15:37,3082.86,3082.99,3083.12,3082.83,0
11/7/2019 15:38,3083.01,3084.07,3084.09,3083,0
11/7/2019 15:39,3084.07,3083.15,3084.07,3083.15,0
11/7/2019 15:40,3083.13,3082.59,3083.14,3082.59,0
11/7/2019 15:41,3082.6,3082.74,3082.88,3082.6,0
11/7/2019 15:42,3082.8,3082.78,3082.88,3082.47,0
11/7/2019 15:43,3082.76,3081.18,3082.76,3080.94,0
11/7/2019 15:44,3081.2,3080.39,3081.2,3080.23,0
11/7/2019 15:45,3080.44,3081.37,3081.48,3080.44,0
11/7/2019 15:46,3081.36,3081.95,3081.95,3081.32,0
11/7/2019 15:47,3081.99,3082.71,3082.71,3081.99,0
11/7/2019 15:48,3082.71,3084.25,3084.25,3082.54,0
11/7/2019 15:49,3084.27,3084.67,3084.67,3084.17,0
11/7/2019 15:50,3084.72,3085.27,3085.43,3084.72,0
11/7/2019 15:51,3085.21,3084.25,3085.22,3084.25,0
11/7/2019 15:52,3084.16,3083.42,3084.18,3083.42,0
11/7/2019 15:53,3083.4,3082.33,3083.42,3082.33,0
11/7/2019 15:54,3082.13,3082.13,3082.26,3081.64,0
11/7/2019 15:55,3082.37,3081.71,3082.65,3081.35,0
11/7/2019 15:56,3081.93,3083.08,3083.79,3081.93,0
11/7/2019 15:57,3083.04,3083.72,3083.78,3082.58,0
11/7/2019 15:58,3083.89,3084.24,3084.24,3083.62,0
11/7/2019 15:59,3084.33,3085.52,3085.54,3083.91,0
11/7/2019 16:00,3085.41,3085.35,3085.44,3085.35,0
11/8/2019 9:30,3081.25,3081.47,3081.93,3081.07,0
11/8/2019 9:31,3081.39,3080.74,3081.49,3080.51,0
11/8/2019 9:32,3080.76,3079.72,3081.27,3079.72,0
11/8/2019 9:33,3079.76,3079.88,3080.29,3079.66,0
11/8/2019 9:34,3080.07,3081.04,3081.17,3080.07,0
11/8/2019 9:35,3080.72,3079.9,3080.98,3079.89,0
11/8/2019 9:36,3079.98,3081.36,3081.39,3079.89,0
11/8/2019 9:37,3081.53,3082.14,3082.41,3081.53,0
11/8/2019 9:38,3082.09,3083.31,3083.31,3081.93,0
11/8/2019 9:39,3083.42,3082.83,3083.48,3082.72,0
11/8/2019 9:40,3082.81,3083.08,3083.13,3082.26,0
11/8/2019 9:41,3083.12,3083.5,3083.54,3083.08,0
11/8/2019 9:42,3083.49,3083.81,3083.81,3083.28,0
11/8/2019 9:43,3083.87,3083.96,3084.01,3083.76,0
11/8/2019 9:44,3083.89,3083.98,3083.99,3083.57,0
11/8/2019 9:45,3084.04,3084.3,3084.35,3083.78,0
11/8/2019 9:46,3084.29,3084.37,3084.39,3084.18,0
11/8/2019 9:47,3084.36,3084.5,3085.03,3084.36,0
11/8/2019 9:48,3084.5,3084.62,3085.06,3084.3,0
11/8/2019 9:49,3084.59,3084.23,3084.88,3084.23,0
11/8/2019 9:50,3084.56,3085.28,3085.38,3084.44,0
11/8/2019 9:51,3085.27,3084.82,3085.27,3084.65,0
11/8/2019 9:52,3084.84,3083.89,3084.94,3083.89,0
11/8/2019 9:53,3084.05,3083.43,3084.12,3083.42,0
11/8/2019 9:54,3083.5,3083.36,3083.63,3083.27,0
11/8/2019 9:55,3083.35,3083.64,3083.81,3083.25,0
11/8/2019 9:56,3083.67,3083.42,3083.67,3083.26,0
11/8/2019 9:57,3083.43,3083.62,3083.77,3083.29,0
11/8/2019 9:58,3083.63,3080.9,3083.71,3079.98,0
11/8/2019 9:59,3080.54,3076.34,3080.54,3076.14,0
11/8/2019 10:00,3076.44,3075.12,3077.87,3074.94,0
11/8/2019 10:01,3074.93,3077.98,3078.07,3073.58,0
11/8/2019 10:02,3078.48,3079.12,3080.26,3078.48,0
11/8/2019 10:03,3078.98,3078.63,3079.05,3078.26,0
11/8/2019 10:04,3078.53,3078.3,3078.75,3078.29,0
11/8/2019 10:05,3078.36,3078.75,3079.25,3078.07,0
11/8/2019 10:06,3078.66,3077.95,3078.66,3077.27,0
11/8/2019 10:07,3077.93,3076.94,3077.93,3076.61,0
11/8/2019 10:08,3076.97,3076.79,3077.39,3076.36,0
11/8/2019 10:09,3076.75,3078.53,3078.53,3076.73,0
11/8/2019 10:10,3078.49,3077.85,3078.64,3077.64,0
11/8/2019 10:11,3077.95,3079.63,3079.93,3077.95,0
11/8/2019 10:12,3079.72,3080.62,3081.11,3079.72,0
11/8/2019 10:13,3080.66,3080.19,3080.87,3080.16,0
11/8/2019 10:14,3080.24,3080.55,3080.79,3080.24,0
11/8/2019 10:15,3080.72,3080.18,3080.92,3080.18,0
11/8/2019 10:16,3080.29,3080.35,3080.45,3080.12,0
11/8/2019 10:17,3080.33,3081.39,3081.43,3080.33,0
11/8/2019 10:18,3081.4,3081.45,3081.47,3081.12,0
11/8/2019 10:19,3081.44,3081.45,3081.6,3081.15,0
11/8/2019 10:20,3081.49,3081.36,3081.92,3081.34,0
11/8/2019 10:21,3081.33,3080.51,3081.36,3080.51,0
11/8/2019 10:22,3080.49,3080.61,3080.9,3080.49,0
11/8/2019 10:23,3080.6,3080.83,3080.83,3080.17,0
11/8/2019 10:24,3080.84,3081.33,3081.57,3080.84,0
11/8/2019 10:25,3081.5,3082.54,3082.76,3081.5,0
11/8/2019 10:26,3082.62,3082.16,3082.81,3081.95,0
11/8/2019 10:27,3082.17,3081.92,3082.44,3081.92,0
11/8/2019 10:28,3081.92,3082.2,3082.31,3081.89,0
11/8/2019 10:29,3082.18,3082.64,3082.64,3082,0
11/8/2019 10:30,3082.77,3082.6,3082.84,3082.34,0
11/8/2019 10:31,3082.56,3082.56,3082.71,3082.43,0
11/8/2019 10:32,3082.59,3082.48,3083.11,3082.43,0
11/8/2019 10:33,3082.44,3082.71,3082.98,3082.27,0
11/8/2019 10:34,3082.8,3082.89,3083.06,3082.78,0
11/8/2019 10:35,3082.82,3082.34,3082.82,3082.08,0
11/8/2019 10:36,3082.33,3082.08,3082.4,3081.7,0
11/8/2019 10:37,3082.1,3081.99,3082.25,3081.89,0
11/8/2019 10:38,3081.98,3082.76,3082.76,3081.83,0
11/8/2019 10:39,3082.83,3082.32,3082.95,3082.22,0
11/8/2019 10:40,3082.35,3082.54,3082.73,3082.33,0
11/8/2019 10:41,3082.56,3082.33,3082.63,3082.02,0
11/8/2019 10:42,3082.43,3083.12,3083.2,3082.38,0
11/8/2019 10:43,3083.42,3083.82,3083.82,3083.08,0
11/8/2019 10:44,3084.25,3084.07,3084.45,3084.02,0
11/8/2019 10:45,3084.12,3084.49,3084.66,3084.12,0
11/8/2019 10:46,3084.48,3083.74,3084.48,3083.66,0
11/8/2019 10:47,3083.73,3083.34,3083.75,3083.22,0
11/8/2019 10:48,3083.46,3083.22,3083.61,3083.15,0
11/8/2019 10:49,3083.22,3083.4,3083.56,3083.22,0
11/8/2019 10:50,3083.37,3082.81,3083.67,3082.78,0
11/8/2019 10:51,3082.79,3083.12,3083.21,3082.75,0
11/8/2019 10:52,3083.09,3083.44,3083.5,3082.95,0
11/8/2019 10:53,3083.46,3083.53,3083.93,3083.46,0
11/8/2019 10:54,3083.53,3083.95,3083.95,3083.51,0
11/8/2019 10:55,3083.99,3083.39,3084.06,3083.39,0
11/8/2019 10:56,3083.39,3083.27,3083.4,3083.1,0
11/8/2019 10:57,3083.26,3083.1,3083.5,3083.1,0
11/8/2019 10:58,3083.11,3083.53,3083.55,3083.06,0
11/8/2019 10:59,3083.54,3083.87,3083.91,3083.25,0
11/8/2019 11:00,3083.97,3083.89,3084.26,3083.29,0
11/8/2019 11:01,3083.88,3084.88,3085.1,3083.88,0
11/8/2019 11:02,3085,3084.79,3085.26,3084.51,0
11/8/2019 11:03,3084.78,3085.36,3085.36,3084.78,0
11/8/2019 11:04,3085.37,3085.05,3085.45,3085.01,0
11/8/2019 11:05,3085.02,3084.34,3085.02,3084.31,0
11/8/2019 11:06,3084.3,3083.64,3084.3,3083.53,0
11/8/2019 11:07,3083.65,3083.73,3083.95,3083.64,0
11/8/2019 11:08,3083.73,3083.51,3084.03,3083.51,0
11/8/2019 11:09,3083.5,3083.77,3083.79,3083.46,0
11/8/2019 11:10,3083.76,3084.68,3084.68,3083.75,0
11/8/2019 11:11,3084.71,3084.39,3084.89,3084.18,0
11/8/2019 11:12,3084.38,3083.8,3084.38,3083.77,0
11/8/2019 11:13,3083.78,3084.1,3084.11,3083.66,0
11/8/2019 11:14,3084.1,3083.86,3084.1,3083.75,0
11/8/2019 11:15,3083.84,3083.67,3083.9,3083.67,0
11/8/2019 11:16,3083.64,3082.81,3083.64,3082.79,0
11/8/2019 11:17,3082.79,3082.93,3082.93,3082.58,0
11/8/2019 11:18,3082.94,3082.81,3082.95,3082.6,0
11/8/2019 11:19,3082.8,3082.06,3082.8,3081.83,0
11/8/2019 11:20,3082.12,3081.92,3082.48,3081.73,0
11/8/2019 11:21,3081.91,3081.87,3082.29,3081.71,0
11/8/2019 11:22,3081.82,3081.72,3082.11,3081.69,0
11/8/2019 11:23,3081.71,3080.98,3081.71,3080.98,0
11/8/2019 11:24,3080.94,3081.04,3081.23,3080.94,0
11/8/2019 11:25,3081.07,3080.67,3081.48,3080.67,0
11/8/2019 11:26,3080.63,3080.72,3081.15,3080.59,0
11/8/2019 11:27,3080.66,3081.04,3081.06,3080.61,0
11/8/2019 11:28,3081.03,3081.03,3081.05,3080.75,0
11/8/2019 11:29,3081.03,3081.35,3081.4,3081.03,0
11/8/2019 11:30,3081.29,3081.8,3081.81,3081.15,0
11/8/2019 11:31,3081.82,3082.14,3082.18,3081.8,0
11/8/2019 11:32,3082.14,3082.62,3082.69,3082.14,0
11/8/2019 11:33,3082.63,3082.54,3082.63,3082.3,0
11/8/2019 11:34,3082.61,3083.34,3083.36,3082.61,0
11/8/2019 11:35,3083.21,3083.27,3083.38,3083.1,0
11/8/2019 11:36,3083.28,3083.31,3083.4,3083.18,0
11/8/2019 11:37,3083.31,3083.73,3083.73,3083.27,0
11/8/2019 11:38,3083.75,3084.25,3084.26,3083.75,0
11/8/2019 11:39,3084.25,3084.53,3084.53,3084.22,0
11/8/2019 11:40,3084.54,3084.6,3084.6,3084.37,0
11/8/2019 11:41,3084.53,3084.2,3084.83,3084.2,0
11/8/2019 11:42,3084.19,3084.5,3084.7,3084.19,0
11/8/2019 11:43,3084.44,3084.15,3084.44,3084.15,0
11/8/2019 11:44,3084.15,3084.64,3084.76,3084.13,0
11/8/2019 11:45,3084.61,3084.85,3084.88,3084.61,0
11/8/2019 11:46,3084.86,3085.32,3085.32,3084.85,0
11/8/2019 11:47,3085.41,3085.4,3085.66,3085.4,0
11/8/2019 11:48,3085.42,3085.52,3085.64,3085.42,0
11/8/2019 11:49,3085.51,3085.33,3085.53,3085.29,0
11/8/2019 11:50,3085.32,3085.11,3085.47,3085.05,0
11/8/2019 11:51,3085.09,3084.81,3085.09,3084.78,0
11/8/2019 11:52,3084.83,3085.14,3085.14,3084.8,0
11/8/2019 11:53,3085.16,3085.63,3085.64,3085.16,0
11/8/2019 11:54,3085.64,3085.25,3085.67,3085.25,0
11/8/2019 11:55,3085.27,3085.09,3085.56,3085.03,0
11/8/2019 11:56,3085.15,3085.49,3085.49,3085,0
11/8/2019 11:57,3085.5,3085.67,3085.76,3085.47,0
11/8/2019 11:58,3085.68,3085.48,3085.71,3085.32,0
11/8/2019 11:59,3085.51,3085.58,3085.64,3085.4,0
11/8/2019 12:00,3085.58,3085.77,3085.84,3085.58,0
11/8/2019 12:01,3085.72,3085.78,3085.93,3085.54,0
11/8/2019 12:02,3085.79,3085.48,3085.79,3085.37,0
11/8/2019 12:03,3085.46,3085.63,3085.71,3085.46,0
11/8/2019 12:04,3085.62,3085.79,3085.9,3085.59,0
11/8/2019 12:05,3085.78,3086.03,3086.05,3085.78,0
11/8/2019 12:06,3086.05,3085.32,3086.05,3085.32,0
11/8/2019 12:07,3085.33,3085.67,3085.67,3085.31,0
11/8/2019 12:08,3085.69,3086.09,3086.11,3085.69,0
11/8/2019 12:09,3086.06,3086.28,3086.4,3086.06,0
11/8/2019 12:10,3086.33,3086.63,3086.89,3086.33,0
11/8/2019 12:11,3086.59,3086.32,3086.63,3086.3,0
11/8/2019 12:12,3086.44,3086.7,3086.79,3086.44,0
11/8/2019 12:13,3086.69,3086.85,3086.97,3086.69,0
11/8/2019 12:14,3086.84,3086.9,3086.9,3086.6,0
11/8/2019 12:15,3086.91,3086.1,3086.92,3086.1,0
11/8/2019 12:16,3086.04,3086.07,3086.12,3085.85,0
11/8/2019 12:17,3086.08,3085.93,3086.08,3085.88,0
11/8/2019 12:18,3085.97,3086.34,3086.34,3085.91,0
11/8/2019 12:19,3086.32,3086.44,3086.44,3086.22,0
11/8/2019 12:20,3086.44,3086.43,3086.5,3086.28,0
11/8/2019 12:21,3086.45,3086.27,3086.48,3086.18,0
11/8/2019 12:22,3086.27,3086.11,3086.28,3086.11,0
11/8/2019 12:23,3086.12,3085.63,3086.12,3085.61,0
11/8/2019 12:24,3085.62,3085.91,3085.95,3085.62,0
11/8/2019 12:25,3085.91,3085.88,3086,3085.82,0
11/8/2019 12:26,3085.86,3086.15,3086.15,3085.86,0
11/8/2019 12:27,3086.15,3086.19,3086.3,3086.1,0
11/8/2019 12:28,3086.18,3085.97,3086.25,3085.95,0
11/8/2019 12:29,3085.97,3086.17,3086.19,3085.97,0
11/8/2019 12:30,3086.15,3086,3086.2,3085.93,0
11/8/2019 12:31,3086.01,3086.47,3086.51,3085.99,0
11/8/2019 12:32,3086.47,3086.93,3086.93,3086.41,0
11/8/2019 12:33,3086.92,3087.2,3087.24,3086.9,0
11/8/2019 12:34,3087.2,3086.6,3087.21,3086.6,0
11/8/2019 12:35,3086.58,3086.77,3086.79,3086.32,0
11/8/2019 12:36,3086.78,3086.74,3086.81,3086.48,0
11/8/2019 12:37,3086.73,3086.61,3086.77,3086.55,0
11/8/2019 12:38,3086.6,3086.92,3086.98,3086.6,0
11/8/2019 12:39,3086.92,3087.16,3087.16,3086.92,0
11/8/2019 12:40,3087.14,3087.05,3087.22,3086.94,0
11/8/2019 12:41,3087.06,3086.79,3087.06,3086.78,0
11/8/2019 12:42,3086.76,3086.84,3086.85,3086.41,0
11/8/2019 12:43,3086.85,3086.46,3086.85,3086.43,0
11/8/2019 12:44,3086.46,3086.18,3086.5,3086.08,0
11/8/2019 12:45,3086.18,3086.03,3086.39,3086.02,0
11/8/2019 12:46,3086.02,3086.11,3086.22,3086.02,0
11/8/2019 12:47,3086.09,3085.72,3086.1,3085.69,0
11/8/2019 12:48,3085.73,3085.42,3085.76,3085.4,0
11/8/2019 12:49,3085.41,3085.23,3085.48,3085.23,0
11/8/2019 12:50,3085.22,3085.35,3085.35,3085,0
11/8/2019 12:51,3085.35,3085.41,3085.43,3085.19,0
11/8/2019 12:52,3085.42,3085.45,3085.49,3085.21,0
11/8/2019 12:53,3085.43,3085.76,3085.78,3085.42,0
11/8/2019 12:54,3085.74,3085.85,3085.86,3085.73,0
11/8/2019 12:55,3085.84,3085.87,3085.9,3085.6,0
11/8/2019 12:56,3085.87,3085.67,3085.87,3085.66,0
11/8/2019 12:57,3085.68,3085.92,3085.93,3085.62,0
11/8/2019 12:58,3085.92,3086.07,3086.12,3085.92,0
11/8/2019 12:59,3086.06,3086.1,3086.16,3085.97,0
11/8/2019 13:00,3086.11,3086.31,3086.32,3086.05,0
11/8/2019 13:01,3086.3,3086.23,3086.34,3086.23,0
11/8/2019 13:02,3086.22,3085.97,3086.22,3085.84,0
11/8/2019 13:03,3085.97,3086.17,3086.18,3085.95,0
11/8/2019 13:04,3086.14,3086.23,3086.29,3086.06,0
11/8/2019 13:05,3086.22,3086.21,3086.37,3086.11,0
11/8/2019 13:06,3086.21,3086.25,3086.25,3086.02,0
11/8/2019 13:07,3086.27,3086.15,3086.35,3086.15,0
11/8/2019 13:08,3086.17,3085.75,3086.17,3085.75,0
11/8/2019 13:09,3085.73,3085.17,3085.73,3085.17,0
11/8/2019 13:10,3085.16,3085.38,3085.51,3085.13,0
11/8/2019 13:11,3085.39,3085.44,3085.49,3085.35,0
11/8/2019 13:12,3085.46,3085.66,3085.8,3085.46,0
11/8/2019 13:13,3085.7,3085.78,3085.88,3085.7,0
11/8/2019 13:14,3085.79,3085.7,3085.96,3085.7,0
11/8/2019 13:15,3085.71,3085.91,3085.91,3085.71,0
11/8/2019 13:16,3085.92,3085.89,3086.07,3085.88,0
11/8/2019 13:17,3085.89,3086.02,3086.02,3085.79,0
11/8/2019 13:18,3086.03,3085.95,3086.19,3085.95,0
11/8/2019 13:19,3085.86,3085.5,3085.89,3085.5,0
11/8/2019 13:20,3085.5,3085.62,3085.63,3085.21,0
11/8/2019 13:21,3085.62,3085.38,3085.65,3085.28,0
11/8/2019 13:22,3085.44,3085.15,3085.48,3085.15,0
11/8/2019 13:23,3085.15,3085.47,3085.48,3085.11,0
11/8/2019 13:24,3085.45,3084.85,3085.45,3084.85,0
11/8/2019 13:25,3084.83,3084.48,3084.83,3084.37,0
11/8/2019 13:26,3084.49,3084.48,3084.6,3084.48,0
11/8/2019 13:27,3084.5,3084.7,3084.78,3084.46,0
11/8/2019 13:28,3084.72,3084.91,3085.04,3084.7,0
11/8/2019 13:29,3084.91,3085.29,3085.3,3084.91,0
11/8/2019 13:30,3085.3,3085.24,3085.5,3085.08,0
11/8/2019 13:31,3085.21,3085.22,3085.23,3085.09,0
11/8/2019 13:32,3085.22,3085.09,3085.24,3085.05,0
11/8/2019 13:33,3085.08,3085.11,3085.15,3085.03,0
11/8/2019 13:34,3085.11,3085.12,3085.13,3084.89,0
11/8/2019 13:35,3085.13,3085.4,3085.4,3085.08,0
11/8/2019 13:36,3085.41,3084.89,3085.46,3084.89,0
11/8/2019 13:37,3084.89,3084.82,3084.96,3084.65,0
11/8/2019 13:38,3084.83,3085.03,3085.03,3084.75,0
11/8/2019 13:39,3085.05,3085.13,3085.18,3085.04,0
11/8/2019 13:40,3085.14,3085.47,3085.51,3085.1,0
11/8/2019 13:41,3085.49,3085.78,3085.85,3085.49,0
11/8/2019 13:42,3085.78,3085.48,3085.78,3085.48,0
11/8/2019 13:43,3085.41,3085.37,3085.46,3085.18,0
11/8/2019 13:44,3085.49,3085.31,3085.49,3085.19,0
11/8/2019 13:45,3085.31,3085.19,3085.31,3084.99,0
11/8/2019 13:46,3085.2,3085.21,3085.4,3085.13,0
11/8/2019 13:47,3085.15,3085.4,3085.4,3085.1,0
11/8/2019 13:48,3085.39,3085.21,3085.41,3085.19,0
11/8/2019 13:49,3085.21,3085.19,3085.45,3085.19,0
11/8/2019 13:50,3085.18,3084.83,3085.19,3084.83,0
11/8/2019 13:51,3084.84,3084.6,3084.85,3084.6,0
11/8/2019 13:52,3084.58,3084.44,3084.65,3084.44,0
11/8/2019 13:53,3084.44,3084.5,3084.55,3084.25,0
11/8/2019 13:54,3084.49,3084.51,3084.54,3084.35,0
11/8/2019 13:55,3084.54,3084.88,3084.92,3084.54,0
11/8/2019 13:56,3084.87,3084.74,3084.91,3084.74,0
11/8/2019 13:57,3084.73,3084.64,3084.73,3084.54,0
11/8/2019 13:58,3084.56,3084.17,3084.56,3084.14,0
11/8/2019 13:59,3084.16,3084.01,3084.34,3083.99,0
11/8/2019 14:00,3084.03,3084.41,3084.51,3084.03,0
11/8/2019 14:01,3084.44,3084.42,3084.51,3084.28,0
11/8/2019 14:02,3084.43,3084.23,3084.43,3084.15,0
11/8/2019 14:03,3084.23,3083.77,3084.23,3083.77,0
11/8/2019 14:04,3083.77,3083.99,3084.01,3083.77,0
11/8/2019 14:05,3084.01,3084.4,3084.4,3083.95,0
11/8/2019 14:06,3084.41,3084.37,3084.56,3084.29,0
11/8/2019 14:07,3084.36,3084.35,3084.36,3084.19,0
11/8/2019 14:08,3084.35,3084.46,3084.5,3084.35,0
11/8/2019 14:09,3084.46,3084.69,3084.69,3084.46,0
11/8/2019 14:10,3084.72,3084.62,3084.72,3084.54,0
11/8/2019 14:11,3084.62,3084.48,3084.67,3084.46,0
11/8/2019 14:12,3084.45,3084.03,3084.45,3083.86,0
11/8/2019 14:13,3084.1,3084.12,3084.23,3084.03,0
11/8/2019 14:14,3084.13,3084.37,3084.39,3084.13,0
11/8/2019 14:15,3084.37,3083.95,3084.37,3083.93,0
11/8/2019 14:16,3083.94,3083.96,3084.03,3083.87,0
11/8/2019 14:17,3084.01,3084.03,3084.21,3084,0
11/8/2019 14:18,3084.01,3083.72,3084.04,3083.69,0
11/8/2019 14:19,3083.74,3083.97,3084.01,3083.62,0
11/8/2019 14:20,3083.96,3083.96,3084.1,3083.84,0
11/8/2019 14:21,3083.94,3083.94,3084.01,3083.85,0
11/8/2019 14:22,3083.96,3083.79,3084.07,3083.73,0
11/8/2019 14:23,3083.76,3083.76,3083.8,3083.71,0
11/8/2019 14:24,3083.74,3083.43,3083.83,3083.41,0
11/8/2019 14:25,3083.44,3083.23,3083.46,3083.2,0
11/8/2019 14:26,3083.22,3083.57,3083.58,3083.15,0
11/8/2019 14:27,3083.6,3083.89,3083.94,3083.6,0
11/8/2019 14:28,3083.87,3083.43,3083.91,3083.43,0
11/8/2019 14:29,3083.43,3083.57,3083.78,3083.4,0
11/8/2019 14:30,3083.43,3083.71,3083.71,3083.41,0
11/8/2019 14:31,3083.72,3083.84,3083.84,3083.56,0
11/8/2019 14:32,3083.83,3083.95,3083.98,3083.83,0
11/8/2019 14:33,3083.94,3084.26,3084.29,3083.92,0
11/8/2019 14:34,3084.26,3084.31,3084.46,3084.26,0
11/8/2019 14:35,3084.31,3084.15,3084.49,3084.14,0
11/8/2019 14:36,3084.11,3084.07,3084.15,3083.98,0
11/8/2019 14:37,3084.07,3084.22,3084.22,3083.99,0
11/8/2019 14:38,3084.2,3084.23,3084.31,3084.2,0
11/8/2019 14:39,3084.2,3084.17,3084.21,3084.14,0
11/8/2019 14:40,3084.18,3084.41,3084.47,3084.18,0
11/8/2019 14:41,3084.42,3084.61,3084.66,3084.42,0
11/8/2019 14:42,3084.63,3084.64,3084.67,3084.52,0
11/8/2019 14:43,3084.63,3084.79,3084.82,3084.59,0
11/8/2019 14:44,3084.77,3085.13,3085.13,3084.77,0
11/8/2019 14:45,3085.14,3084.96,3085.16,3084.91,0
11/8/2019 14:46,3084.95,3084.82,3084.96,3084.79,0
11/8/2019 14:47,3084.82,3084.54,3084.84,3084.54,0
11/8/2019 14:48,3084.55,3084.46,3084.56,3084.42,0
11/8/2019 14:49,3084.45,3084.15,3084.47,3084.15,0
11/8/2019 14:50,3084.16,3084.08,3084.24,3084.08,0
11/8/2019 14:51,3084.08,3084.2,3084.22,3084.04,0
11/8/2019 14:52,3084.2,3084.21,3084.29,3084.13,0
11/8/2019 14:53,3084.22,3084.33,3084.33,3084.02,0
11/8/2019 14:54,3084.35,3084.33,3084.47,3084.31,0
11/8/2019 14:55,3084.35,3084.78,3084.79,3084.35,0
11/8/2019 14:56,3084.77,3084.95,3084.98,3084.71,0
11/8/2019 14:57,3084.97,3084.91,3084.97,3084.75,0
11/8/2019 14:58,3084.88,3084.8,3084.95,3084.73,0
11/8/2019 14:59,3084.79,3085.18,3085.18,3084.78,0
11/8/2019 15:00,3085.18,3085.32,3085.35,3085.1,0
11/8/2019 15:01,3085.32,3085.4,3085.42,3085.27,0
11/8/2019 15:02,3085.4,3085.64,3085.76,3085.4,0
11/8/2019 15:03,3085.64,3085.59,3085.68,3085.45,0
11/8/2019 15:04,3085.6,3085.82,3085.88,3085.57,0
11/8/2019 15:05,3085.81,3085.8,3085.86,3085.79,0
11/8/2019 15:06,3085.79,3085.69,3085.88,3085.61,0
11/8/2019 15:07,3085.68,3085.75,3085.92,3085.67,0
11/8/2019 15:08,3085.83,3085.53,3085.85,3085.49,0
11/8/2019 15:09,3085.53,3085.99,3085.99,3085.45,0
11/8/2019 15:10,3085.99,3086.22,3086.25,3085.99,0
11/8/2019 15:11,3086.21,3086.23,3086.35,3086.18,0
11/8/2019 15:12,3086.24,3086.91,3086.91,3086.24,0
11/8/2019 15:13,3086.92,3087.2,3087.2,3086.9,0
11/8/2019 15:14,3087.32,3087.31,3087.49,3087.14,0
11/8/2019 15:15,3087.36,3087.02,3087.42,3087.02,0
11/8/2019 15:16,3087.01,3087.12,3087.25,3086.95,0
11/8/2019 15:17,3087.11,3087.59,3087.59,3087.06,0
11/8/2019 15:18,3087.59,3087.47,3087.68,3087.46,0
11/8/2019 15:19,3087.46,3087.85,3087.85,3087.44,0
11/8/2019 15:20,3087.86,3087.69,3087.95,3087.69,0
11/8/2019 15:21,3087.69,3088.46,3088.48,3087.67,0
11/8/2019 15:22,3088.45,3088.58,3088.69,3088.44,0
11/8/2019 15:23,3088.55,3088.41,3088.62,3088.36,0
11/8/2019 15:24,3088.4,3088.59,3088.67,3088.38,0
11/8/2019 15:25,3088.6,3088.4,3088.7,3088.35,0
11/8/2019 15:26,3088.4,3088.45,3088.45,3088.28,0
11/8/2019 15:27,3088.43,3088.12,3088.49,3088.12,0
11/8/2019 15:28,3088.1,3088.34,3088.34,3088.1,0
11/8/2019 15:29,3088.34,3088.51,3088.51,3088.34,0
11/8/2019 15:30,3088.55,3088.26,3088.59,3088.1,0
11/8/2019 15:31,3088.27,3089.54,3089.55,3088.25,0
11/8/2019 15:32,3089.48,3089.44,3089.54,3089.32,0
11/8/2019 15:33,3089.47,3089.48,3089.6,3089.31,0
11/8/2019 15:34,3089.49,3088.68,3089.5,3088.68,0
11/8/2019 15:35,3088.7,3089.03,3089.14,3088.7,0
11/8/2019 15:36,3089.04,3089.02,3089.29,3089.02,0
11/8/2019 15:37,3089.01,3089.08,3089.11,3088.84,0
11/8/2019 15:38,3089.07,3089.3,3089.3,3089.01,0
11/8/2019 15:39,3089.3,3089.41,3089.66,3089.3,0
11/8/2019 15:40,3089.4,3089.47,3089.59,3089.22,0
11/8/2019 15:41,3089.43,3089,3089.49,3088.96,0
11/8/2019 15:42,3088.99,3088.93,3088.99,3088.72,0
11/8/2019 15:43,3089.07,3089.22,3089.3,3089.05,0
11/8/2019 15:44,3089.25,3089.47,3089.61,3089.25,0
11/8/2019 15:45,3089.43,3089.24,3089.43,3088.83,0
11/8/2019 15:46,3089.26,3088.95,3089.54,3088.95,0
11/8/2019 15:47,3088.93,3088.58,3089.19,3088.58,0
11/8/2019 15:48,3088.57,3088.18,3088.58,3088.1,0
11/8/2019 15:49,3088.17,3088.46,3088.48,3087.77,0
11/8/2019 15:50,3089.31,3089.27,3089.89,3089.27,0
11/8/2019 15:51,3089.2,3088.87,3089.23,3088.59,0
11/8/2019 15:52,3089.09,3089.6,3089.6,3088.68,0
11/8/2019 15:53,3089.62,3089.69,3089.86,3089.4,0
11/8/2019 15:54,3090.14,3090.65,3090.76,3090.01,0
11/8/2019 15:55,3090.8,3090.7,3090.8,3089.99,0
11/8/2019 15:56,3090.69,3090.74,3090.76,3090.05,0
11/8/2019 15:57,3090.73,3090.7,3091.02,3090.52,0
11/8/2019 15:58,3090.73,3091.04,3091.13,3090.58,0
11/8/2019 15:59,3091.16,3092.91,3092.91,3090.96,0
