Date,Open,Close,High,Low,Volume
2019-11-05 09:30:00,3080.8,3080.49,3081.47,3080.3,2209795
2019-11-05 09:31:00,3080.33,3079.36,3080.33,3079.15,1739410
2019-11-05 09:32:00,3079.43,3079.68,3080.46,3079.43,896995
2019-11-05 09:33:00,3079.73,3079.15,3080.22,3079.12,479401
2019-11-05 09:34:00,3079.2,3079.62,3080.03,3079.07,2528485
2019-11-05 09:35:00,3079.45,3079.89,3080.62,3079.45,1739864
2019-11-05 09:36:00,3079.75,3078.45,3079.75,3078.45,797347
2019-11-05 09:37:00,3078.5,3078.17,3078.58,3078.05,1716003
2019-11-05 09:38:00,3078.24,3077.77,3078.38,3077.66,2667091
2019-11-05 09:39:00,3077.74,3077.97,3078.36,3077.74,1452630
2019-11-05 09:40:00,3077.95,3078.57,3078.64,3077.84,1375690
2019-11-05 09:41:00,3078.61,3078.66,3078.76,3078.31,875781
2019-11-05 09:42:00,3078.63,3078.68,3078.92,3078.31,863062
2019-11-05 09:43:00,3078.71,3078.59,3078.99,3078.54,477106
2019-11-05 09:44:00,3078.6,3079.07,3079.07,3078.46,37964
2019-11-05 09:45:00,3079.06,3077.8,3079.21,3077.78,1477182
2019-11-05 09:46:00,3077.94,3078.13,3078.35,3077.86,1596750
2019-11-05 09:47:00,3078.12,3077.79,3078.34,3077.59,1697387
2019-11-05 09:48:00,3077.8,3078.32,3078.63,3077.8,1932203
2019-11-05 09:49:00,3078.28,3079.07,3079.1,3078.22,1015808
2019-11-05 09:50:00,3079.02,3079.41,3079.41,3078.68,2830362
2019-11-05 09:51:00,3079.44,3079.26,3079.65,3079.18,1468451
2019-11-05 09:52:00,3079.21,3078.68,3079.3,3078.68,2197513
2019-11-05 09:53:00,3078.62,3078.89,3078.98,3078.35,1035216
2019-11-05 09:54:00,3078.91,3079.18,3079.26,3078.91,1867127
2019-11-05 09:55:00,3079.23,3079.56,3079.56,3079.12,524808
2019-11-05 09:56:00,3079.59,3079.52,3080.05,3079.46,2164686
2019-11-05 09:57:00,3079.53,3079.18,3079.65,3079.1,2080194
2019-11-05 09:58:00,3079.2,3079.03,3079.3,3078.91,2358580
2019-11-05 09:59:00,3079.01,3078.53,3079.05,3078.4,2040514
2019-11-05 10:00:00,3080.94,3082.2,3082.24,3080.12,1888876
2019-11-05 10:01:00,3082.26,3083.89,3083.9,3082.09,948315
2019-11-05 10:02:00,3083.89,3083.15,3083.89,3082.81,1231863
2019-11-05 10:03:00,3083.17,3083.0,3083.95,3083.0,1711146
2019-11-05 10:04:00,3082.95,3082.3,3082.97,3082.28,2088200
2019-11-05 10:05:00,3082.36,3081.43,3082.4,3081.35,1801948
2019-11-05 10:06:00,3081.42,3080.72,3081.42,3080.49,1116965
2019-11-05 10:07:00,3080.77,3079.75,3080.9,3079.75,1504587
2019-11-05 10:08:00,3079.43,3079.14,3079.68,3079.14,2836773
2019-11-05 10:09:00,3078.97,3077.55,3078.97,3076.71,787001
2019-11-05 10:10:00,3077.48,3076.66,3077.51,3076.39,1331144
2019-11-05 10:11:00,3076.63,3074.37,3076.89,3074.33,858858
2019-11-05 10:12:00,3074.41,3073.61,3074.5,3073.49,1038968
2019-11-05 10:13:00,3073.77,3075.44,3075.44,3073.77,1324369
2019-11-05 10:14:00,3075.41,3075.57,3075.83,3075.27,2928546
2019-11-05 10:15:00,3075.53,3074.18,3075.54,3074.06,1259581
2019-11-05 10:16:00,3074.24,3074.23,3074.62,3074.2,581211
2019-11-05 10:17:00,3074.17,3075.69,3075.69,3074.07,2916904
2019-11-05 10:18:00,3075.7,3076.06,3076.58,3075.69,1842409
2019-11-05 10:19:00,3076.0,3075.84,3076.11,3075.54,161189
2019-11-05 10:20:00,3075.85,3076.31,3076.31,3075.67,1804639
2019-11-05 10:21:00,3076.38,3077.1,3077.23,3076.38,908167
2019-11-05 10:22:00,3077.1,3076.38,3077.1,3076.38,1704200
2019-11-05 10:23:00,3076.38,3075.43,3076.39,3075.11,1377566
2019-11-05 10:24:00,3075.41,3075.6,3075.66,3075.23,1060351
2019-11-05 10:25:00,3075.58,3075.16,3075.58,3075.13,1361276
2019-11-05 10:26:00,3075.16,3074.9,3075.16,3074.86,2291995
2019-11-05 10:27:00,3074.9,3074.89,3075.51,3074.89,1667440
2019-11-05 10:28:00,3074.86,3073.87,3074.93,3073.85,1974173
2019-11-05 10:29:00,3073.81,3074.05,3074.5,3073.45,1128942
2019-11-05 10:30:00,3074.1,3075.06,3075.07,3073.91,1602456
2019-11-05 10:31:00,3075.12,3074.43,3075.4,3074.43,1402043
2019-11-05 10:32:00,3074.32,3074.69,3074.69,3073.75,1527104
2019-11-05 10:33:00,3074.78,3074.75,3074.93,3074.22,2345793
2019-11-05 10:34:00,3074.68,3074.48,3075.1,3074.44,2504058
2019-11-05 10:35:00,3074.44,3075.32,3075.47,3074.43,1511957
2019-11-05 10:36:00,3075.37,3076.13,3076.26,3075.37,581063
2019-11-05 10:37:00,3076.17,3075.92,3076.21,3075.43,2401456
2019-11-05 10:38:00,3075.88,3075.12,3075.88,3074.76,1581606
2019-11-05 10:39:00,3075.08,3074.93,3075.18,3074.63,1698825
2019-11-05 10:40:00,3074.91,3075.35,3075.43,3074.47,2011155
2019-11-05 10:41:00,3075.38,3074.71,3075.75,3074.56,2226870
2019-11-05 10:42:00,3074.7,3073.94,3074.7,3073.69,2425616
2019-11-05 10:43:00,3073.97,3073.97,3074.03,3073.35,2391832
2019-11-05 10:44:00,3073.96,3072.91,3074.2,3072.81,1949992
2019-11-05 10:45:00,3073.1,3072.39,3073.51,3072.39,1691758
2019-11-05 10:46:00,3072.39,3072.43,3072.8,3072.27,1169243
2019-11-05 10:47:00,3072.42,3072.44,3072.7,3072.27,1178115
2019-11-05 10:48:00,3072.55,3073.47,3073.47,3072.15,1789521
2019-11-05 10:49:00,3073.45,3072.81,3073.46,3072.71,1708542
2019-11-05 10:50:00,3072.84,3074.39,3074.39,3072.67,1699365
2019-11-05 10:51:00,3074.36,3073.53,3074.49,3073.5,2415794
2019-11-05 10:52:00,3073.48,3073.67,3073.67,3073.1,1620109
2019-11-05 10:53:00,3073.67,3072.59,3073.69,3072.57,2222926
2019-11-05 10:54:00,3072.65,3073.05,3073.05,3072.5,966934
2019-11-05 10:55:00,3073.27,3073.73,3073.74,3073.11,544450
2019-11-05 10:56:00,3073.7,3073.88,3074.01,3073.66,551450
2019-11-05 10:57:00,3073.88,3074.47,3074.7,3073.88,1596361
2019-11-05 10:58:00,3074.44,3074.17,3074.47,3073.9,744065
2019-11-05 10:59:00,3074.17,3074.02,3074.52,3074.0,953252
2019-11-05 11:00:00,3074.77,3074.74,3075.12,3074.44,1314885
2019-11-05 11:01:00,3074.77,3075.03,3075.31,3074.74,1008808
2019-11-05 11:02:00,3074.93,3075.14,3075.14,3074.5,2595294
2019-11-05 11:03:00,3075.11,3075.17,3075.35,3074.79,629273
2019-11-05 11:04:00,3075.21,3075.24,3075.94,3075.13,1145928
2019-11-05 11:05:00,3075.27,3075.19,3075.3,3074.88,1393851
2019-11-05 11:06:00,3075.18,3075.63,3075.76,3075.14,1382624
2019-11-05 11:07:00,3075.84,3076.56,3076.73,3075.77,1717544
2019-11-05 11:08:00,3076.47,3076.42,3076.7,3076.36,899613
2019-11-05 11:09:00,3076.4,3076.2,3076.5,3075.99,450485
2019-11-05 11:10:00,3076.24,3076.59,3076.7,3076.23,1261828
2019-11-05 11:11:00,3076.58,3076.52,3076.61,3076.28,1685606
2019-11-05 11:12:00,3076.53,3076.6,3076.77,3076.34,2435539
2019-11-05 11:13:00,3076.62,3076.31,3076.73,3076.26,1668495
2019-11-05 11:14:00,3076.33,3076.37,3076.43,3076.23,260191
2019-11-05 11:15:00,3076.44,3077.55,3077.95,3076.44,1229451
2019-11-05 11:16:00,3077.44,3077.66,3077.74,3077.36,2275192
2019-11-05 11:17:00,3077.65,3077.52,3077.82,3077.52,2014935
2019-11-05 11:18:00,3077.51,3077.62,3077.81,3077.45,596776
2019-11-05 11:19:00,3077.64,3077.09,3077.68,3077.09,2058106
2019-11-05 11:20:00,3077.08,3076.84,3077.37,3076.84,1230339
2019-11-05 11:21:00,3076.78,3076.15,3076.78,3076.15,1459219
2019-11-05 11:22:00,3076.14,3075.92,3076.15,3075.77,2793843
2019-11-05 11:23:00,3076.02,3075.86,3076.14,3075.61,1263359
2019-11-05 11:24:00,3075.85,3075.71,3075.87,3075.37,188916
2019-11-05 11:25:00,3075.73,3076.56,3076.68,3075.73,1714137
2019-11-05 11:26:00,3076.54,3075.73,3076.68,3075.73,1565774
2019-11-05 11:27:00,3075.74,3075.38,3075.99,3075.38,1246991
2019-11-05 11:28:00,3075.36,3075.43,3075.53,3075.27,2004790
2019-11-05 11:29:00,3075.38,3076.04,3076.06,3075.35,1419931
2019-11-05 11:30:00,3076.03,3075.77,3076.21,3075.64,2554548
2019-11-05 11:31:00,3075.68,3075.84,3075.84,3075.51,246571
2019-11-05 11:32:00,3075.9,3076.04,3076.07,3075.65,1818489
2019-11-05 11:33:00,3076.04,3076.27,3076.37,3075.86,2099984
2019-11-05 11:34:00,3076.23,3076.24,3076.29,3075.89,1540980
2019-11-05 11:35:00,3076.36,3077.11,3077.25,3076.17,2711365
2019-11-05 11:36:00,3077.05,3076.85,3077.05,3076.64,2060954
2019-11-05 11:37:00,3076.85,3076.52,3076.85,3076.52,749644
2019-11-05 11:38:00,3076.53,3075.73,3076.54,3075.73,791533
2019-11-05 11:39:00,3075.72,3075.33,3075.72,3075.22,1875232
2019-11-05 11:40:00,3075.28,3075.03,3075.32,3075.0,1830648
2019-11-05 11:41:00,3074.97,3075.12,3075.15,3074.84,1482209
2019-11-05 11:42:00,3075.15,3074.62,3075.35,3074.6,2060906
2019-11-05 11:43:00,3074.62,3074.48,3074.8,3074.47,718929
2019-11-05 11:44:00,3074.47,3074.96,3075.04,3074.47,1468873
2019-11-05 11:45:00,3074.97,3075.26,3075.26,3074.84,1462850
2019-11-05 11:46:00,3075.27,3074.8,3075.34,3074.8,2278966
2019-11-05 11:47:00,3074.76,3073.99,3074.76,3073.97,1369376
2019-11-05 11:48:00,3074.01,3073.85,3074.01,3073.8,2236488
2019-11-05 11:49:00,3073.86,3073.62,3073.9,3073.62,1614592
2019-11-05 11:50:00,3073.65,3073.62,3073.67,3073.4,2375167
2019-11-05 11:51:00,3073.63,3074.07,3074.07,3073.5,653708
2019-11-05 11:52:00,3074.07,3074.13,3074.29,3073.78,434499
2019-11-05 11:53:00,3074.2,3074.61,3074.73,3074.2,1122832
2019-11-05 11:54:00,3074.63,3074.23,3074.71,3074.1,1495690
2019-11-05 11:55:00,3074.26,3074.7,3074.77,3074.08,1449151
2019-11-05 11:56:00,3074.69,3075.03,3075.06,3074.67,1019331
2019-11-05 11:57:00,3075.11,3075.08,3075.42,3074.9,1195546
2019-11-05 11:58:00,3075.12,3075.08,3075.37,3075.08,1393259
2019-11-05 11:59:00,3075.1,3075.04,3075.37,3074.96,1227945
2019-11-05 12:00:00,3075.03,3075.32,3075.38,3074.64,682373
2019-11-05 12:01:00,3075.31,3075.45,3075.73,3075.19,1495913
2019-11-05 12:02:00,3075.45,3075.58,3075.59,3075.27,1412657
2019-11-05 12:03:00,3075.58,3075.72,3075.72,3075.33,1440740
2019-11-05 12:04:00,3075.74,3075.89,3076.17,3075.72,1730859
2019-11-05 12:05:00,3075.88,3076.41,3076.55,3075.88,1175704
2019-11-05 12:06:00,3076.4,3075.58,3076.4,3075.58,1669332
2019-11-05 12:07:00,3075.54,3075.17,3075.59,3075.17,1746889
2019-11-05 12:08:00,3075.15,3075.85,3075.85,3075.14,1351816
2019-11-05 12:09:00,3075.85,3075.85,3075.97,3075.73,1329737
2019-11-05 12:10:00,3075.89,3075.42,3076.03,3075.41,1499741
2019-11-05 12:11:00,3075.42,3074.85,3075.42,3074.82,1733082
2019-11-05 12:12:00,3074.87,3074.62,3075.1,3074.46,2417188
2019-11-05 12:13:00,3074.63,3074.4,3074.69,3074.32,1817195
2019-11-05 12:14:00,3074.37,3074.31,3074.45,3074.21,1033410
2019-11-05 12:15:00,3074.33,3073.91,3074.34,3073.9,2485802
2019-11-05 12:16:00,3073.88,3073.95,3073.99,3073.81,1877920
2019-11-05 12:17:00,3073.96,3074.45,3074.45,3073.94,1072418
2019-11-05 12:18:00,3074.42,3074.12,3074.42,3074.02,1688279
2019-11-05 12:19:00,3074.1,3073.72,3074.15,3073.71,1032466
2019-11-05 12:20:00,3073.92,3074.58,3074.68,3073.89,200382
2019-11-05 12:21:00,3074.54,3074.24,3074.55,3074.22,1305236
2019-11-05 12:22:00,3074.24,3073.61,3074.24,3073.57,1905292
2019-11-05 12:23:00,3073.61,3073.23,3073.66,3073.16,1266343
2019-11-05 12:24:00,3073.21,3072.78,3073.21,3072.72,932261
2019-11-05 12:25:00,3072.77,3072.64,3072.84,3072.42,904734
2019-11-05 12:26:00,3072.64,3072.51,3072.73,3072.47,923201
2019-11-05 12:27:00,3072.53,3073.27,3073.33,3072.53,1386907
2019-11-05 12:28:00,3073.28,3073.36,3073.41,3073.19,960563
2019-11-05 12:29:00,3073.36,3073.14,3073.4,3073.08,2530367
2019-11-05 12:30:00,3073.1,3073.06,3073.1,3072.83,2110299
2019-11-05 12:31:00,3072.98,3072.91,3072.98,3072.63,1362206
2019-11-05 12:32:00,3072.91,3072.63,3072.93,3072.4,1815704
2019-11-05 12:33:00,3072.66,3072.55,3072.74,3072.38,1577217
2019-11-05 12:34:00,3072.56,3072.58,3072.61,3072.38,223266
2019-11-05 12:35:00,3072.62,3073.29,3073.32,3072.62,2598620
2019-11-05 12:36:00,3073.29,3073.21,3073.29,3073.06,1745278
2019-11-05 12:37:00,3073.24,3073.34,3073.41,3073.24,672606
2019-11-05 12:38:00,3073.35,3073.99,3073.99,3073.35,2021430
2019-11-05 12:39:00,3074.01,3073.95,3074.09,3073.8,1875477
2019-11-05 12:40:00,3073.95,3074.04,3074.09,3073.83,601102
2019-11-05 12:41:00,3074.03,3074.2,3074.36,3074.03,832424
2019-11-05 12:42:00,3074.25,3074.96,3074.96,3074.25,2709602
2019-11-05 12:43:00,3075.08,3075.9,3075.99,3075.08,2490823
2019-11-05 12:44:00,3075.92,3075.93,3076.04,3075.87,2188010
2019-11-05 12:45:00,3075.94,3076.13,3076.23,3075.91,1511964
2019-11-05 12:46:00,3076.15,3076.62,3076.82,3076.14,1736933
2019-11-05 12:47:00,3076.62,3076.02,3076.62,3075.97,617887
2019-11-05 12:48:00,3076.03,3076.1,3076.1,3075.83,2076999
2019-11-05 12:49:00,3076.11,3076.03,3076.27,3075.99,2719606
2019-11-05 12:50:00,3076.01,3076.1,3076.18,3075.93,1845382
2019-11-05 12:51:00,3076.09,3076.56,3076.56,3076.0,648670
2019-11-05 12:52:00,3076.56,3076.91,3077.04,3076.52,1521506
2019-11-05 12:53:00,3076.92,3076.79,3076.97,3076.66,1962542
2019-11-05 12:54:00,3076.82,3076.86,3076.86,3076.68,1675114
2019-11-05 12:55:00,3076.86,3077.42,3077.42,3076.86,1119803
2019-11-05 12:56:00,3077.43,3077.37,3077.53,3077.35,1464299
2019-11-05 12:57:00,3077.36,3077.54,3077.54,3077.06,981537
2019-11-05 12:58:00,3077.55,3077.46,3077.58,3077.3,1707031
2019-11-05 12:59:00,3077.48,3077.81,3077.83,3077.48,1814909
2019-11-05 13:00:00,3077.77,3077.68,3077.77,3077.59,1851993
2019-11-05 13:01:00,3077.68,3077.39,3077.7,3077.39,2191561
2019-11-05 13:02:00,3077.39,3077.21,3077.39,3077.18,1747668
2019-11-05 13:03:00,3077.26,3076.97,3077.31,3076.92,920089
2019-11-05 13:04:00,3076.97,3077.1,3077.12,3076.74,1019323
2019-11-05 13:05:00,3077.11,3077.46,3077.46,3077.06,1649329
2019-11-05 13:06:00,3077.47,3077.18,3077.59,3077.18,1628377
2019-11-05 13:07:00,3077.22,3077.26,3077.41,3077.14,2550479
2019-11-05 13:08:00,3077.26,3077.18,3077.33,3077.11,1992642
2019-11-05 13:09:00,3077.19,3077.16,3077.38,3077.16,2304233
2019-11-05 13:10:00,3077.16,3077.56,3077.57,3077.12,1634813
2019-11-05 13:11:00,3077.57,3077.62,3077.62,3077.46,2028371
2019-11-05 13:12:00,3077.65,3078.16,3078.16,3077.64,649149
2019-11-05 13:13:00,3078.18,3078.39,3078.46,3078.17,1091185
2019-11-05 13:14:00,3078.6,3078.72,3078.97,3078.58,1951450
2019-11-05 13:15:00,3078.7,3078.87,3079.08,3078.58,1369396
2019-11-05 13:16:00,3078.86,3078.64,3078.86,3078.59,838065
2019-11-05 13:17:00,3078.66,3078.3,3078.66,3078.12,1512720
2019-11-05 13:18:00,3078.28,3078.36,3078.47,3078.28,1563390
2019-11-05 13:19:00,3078.37,3078.43,3078.46,3078.09,1386208
2019-11-05 13:20:00,3078.43,3078.42,3078.45,3078.17,2058900
2019-11-05 13:21:00,3078.43,3077.87,3078.43,3077.87,2385575
2019-11-05 13:22:00,3077.89,3077.83,3077.89,3077.74,1637671
2019-11-05 13:23:00,3077.83,3077.72,3077.9,3077.61,1117887
2019-11-05 13:24:00,3077.74,3078.04,3078.04,3077.74,1788198
2019-11-05 13:25:00,3078.04,3077.99,3078.04,3077.84,642754
2019-11-05 13:26:00,3078.0,3078.34,3078.36,3078.0,1103478
2019-11-05 13:27:00,3078.32,3078.43,3078.47,3078.32,826783
2019-11-05 13:28:00,3078.38,3077.99,3078.4,3077.99,1832477
2019-11-05 13:29:00,3077.99,3077.77,3078.11,3077.77,2240566
2019-11-05 13:30:00,3077.78,3077.27,3077.78,3077.26,1587138
2019-11-05 13:31:00,3077.27,3077.34,3077.51,3077.25,1730380
2019-11-05 13:32:00,3077.35,3077.72,3077.76,3077.28,1841740
2019-11-05 13:33:00,3077.72,3077.97,3078.11,3077.72,2061084
2019-11-05 13:34:00,3077.97,3078.41,3078.45,3077.97,2097737
2019-11-05 13:35:00,3078.46,3078.01,3078.51,3077.97,1028458
2019-11-05 13:36:00,3078.0,3077.2,3078.0,3077.14,1246069
2019-11-05 13:37:00,3077.16,3077.05,3077.17,3076.83,334013
2019-11-05 13:38:00,3077.06,3077.66,3077.68,3077.02,456630
2019-11-05 13:39:00,3077.67,3077.6,3077.7,3077.53,781368
2019-11-05 13:40:00,3077.63,3077.86,3077.86,3077.59,796247
2019-11-05 13:41:00,3077.85,3077.88,3078.1,3077.82,2192947
2019-11-05 13:42:00,3077.89,3077.88,3078.04,3077.87,1511026
2019-11-05 13:43:00,3077.87,3077.92,3077.96,3077.68,529983
2019-11-05 13:44:00,3077.91,3077.89,3078.07,3077.81,1722612
2019-11-05 13:45:00,3077.9,3077.91,3077.95,3077.76,2295531
2019-11-05 13:46:00,3077.93,3077.71,3077.93,3077.66,1177643
2019-11-05 13:47:00,3077.67,3077.56,3077.68,3077.56,1263185
2019-11-05 13:48:00,3077.54,3077.14,3077.56,3077.1,397668
2019-11-05 13:49:00,3077.16,3077.32,3077.32,3077.08,1038526
2019-11-05 13:50:00,3077.35,3077.58,3077.76,3077.35,924137
2019-11-05 13:51:00,3077.59,3077.94,3077.98,3077.48,733708
2019-11-05 13:52:00,3077.93,3078.13,3078.13,3077.71,2704910
2019-11-05 13:53:00,3078.13,3078.08,3078.13,3077.98,2238924
2019-11-05 13:54:00,3078.06,3077.91,3078.06,3077.91,579649
2019-11-05 13:55:00,3077.91,3077.95,3078.1,3077.9,474294
2019-11-05 13:56:00,3077.96,3078.59,3078.7,3077.93,1482172
2019-11-05 13:57:00,3078.53,3078.73,3078.98,3078.51,1067419
2019-11-05 13:58:00,3078.71,3078.75,3078.78,3078.57,1112229
2019-11-05 13:59:00,3078.73,3078.24,3078.73,3078.13,1088431
2019-11-05 14:00:00,3078.21,3078.17,3078.28,3078.01,2196070
2019-11-05 14:01:00,3078.15,3077.88,3078.17,3077.64,1070114
2019-11-05 14:02:00,3077.89,3077.6,3077.89,3077.51,2336738
2019-11-05 14:03:00,3077.6,3077.78,3078.08,3077.59,2093109
2019-11-05 14:04:00,3077.85,3078.11,3078.11,3077.82,1932328
2019-11-05 14:05:00,3078.11,3078.73,3078.74,3078.05,865254
2019-11-05 14:06:00,3078.76,3078.58,3078.82,3078.58,879587
2019-11-05 14:07:00,3078.58,3078.9,3078.9,3078.53,966344
2019-11-05 14:08:00,3078.9,3078.82,3078.92,3078.75,1367912
2019-11-05 14:09:00,3078.81,3079.17,3079.18,3078.79,697195
2019-11-05 14:10:00,3079.16,3079.31,3079.63,3079.14,1346246
2019-11-05 14:11:00,3079.3,3079.37,3079.45,3079.27,2098822
2019-11-05 14:12:00,3079.37,3079.36,3079.4,3079.27,1240538
2019-11-05 14:13:00,3079.37,3079.24,3079.39,3079.2,2408706
2019-11-05 14:14:00,3079.27,3079.23,3079.36,3079.23,1414516
2019-11-05 14:15:00,3079.25,3079.44,3079.44,3079.24,2113407
2019-11-05 14:16:00,3079.45,3079.82,3079.87,3079.39,849675
2019-11-05 14:17:00,3079.8,3079.63,3079.84,3079.58,1192102
2019-11-05 14:18:00,3079.62,3079.41,3079.64,3079.28,2832704
2019-11-05 14:19:00,3079.4,3079.52,3079.61,3079.4,1403134
2019-11-05 14:20:00,3079.51,3078.97,3079.54,3078.97,826051
2019-11-05 14:21:00,3078.97,3078.79,3078.98,3078.77,2253159
2019-11-05 14:22:00,3078.79,3079.03,3079.03,3078.77,1091460
2019-11-05 14:23:00,3079.05,3079.13,3079.23,3079.05,1502689
2019-11-05 14:24:00,3079.13,3079.02,3079.22,3079.02,1309506
2019-11-05 14:25:00,3079.01,3079.0,3079.03,3078.81,665006
2019-11-05 14:26:00,3078.93,3079.04,3079.12,3078.85,1944849
2019-11-05 14:27:00,3079.02,3078.96,3079.07,3078.96,2241429
2019-11-05 14:28:00,3078.91,3079.04,3079.05,3078.76,957808
2019-11-05 14:29:00,3079.05,3079.15,3079.22,3078.9,747203
2019-11-05 14:30:00,3079.15,3079.05,3079.21,3079.04,1726453
2019-11-05 14:31:00,3079.07,3078.82,3079.09,3078.74,2498462
2019-11-05 14:32:00,3078.82,3079.8,3079.88,3078.81,1889186
2019-11-05 14:33:00,3079.77,3079.34,3079.81,3079.26,1636479
2019-11-05 14:34:00,3079.31,3079.15,3079.31,3079.06,2235702
2019-11-05 14:35:00,3079.14,3078.84,3079.42,3078.84,1433518
2019-11-05 14:36:00,3078.83,3078.96,3079.08,3078.82,2262258
2019-11-05 14:37:00,3078.95,3078.6,3079.18,3078.49,760919
2019-11-05 14:38:00,3078.58,3078.51,3078.64,3078.33,1684913
2019-11-05 14:39:00,3078.53,3078.34,3078.59,3078.34,1948812
2019-11-05 14:40:00,3078.32,3078.24,3078.32,3077.97,1130893
2019-11-05 14:41:00,3078.26,3077.96,3078.27,3077.92,1643067
2019-11-05 14:42:00,3077.96,3078.6,3078.6,3077.96,1260596
2019-11-05 14:43:00,3078.61,3078.7,3078.7,3078.4,1676654
2019-11-05 14:44:00,3078.69,3078.54,3078.91,3078.54,2020657
2019-11-05 14:45:00,3078.53,3078.51,3078.71,3078.4,1544518
2019-11-05 14:46:00,3078.48,3078.65,3078.67,3078.43,2512972
2019-11-05 14:47:00,3078.67,3078.45,3078.7,3078.36,1042277
2019-11-05 14:48:00,3078.45,3078.68,3078.75,3078.45,1951339
2019-11-05 14:49:00,3078.68,3078.79,3078.81,3078.52,772576
2019-11-05 14:50:00,3078.79,3078.79,3078.87,3078.74,1060737
2019-11-05 14:51:00,3078.75,3078.73,3078.75,3078.6,1170912
2019-11-05 14:52:00,3078.71,3078.58,3078.71,3078.33,840145
2019-11-05 14:53:00,3078.58,3078.9,3078.93,3078.49,1194209
2019-11-05 14:54:00,3078.9,3079.01,3079.01,3078.77,2015116
2019-11-05 14:55:00,3078.99,3078.82,3079.16,3078.73,2316053
2019-11-05 14:56:00,3078.81,3079.19,3079.3,3078.81,1118351
2019-11-05 14:57:00,3079.19,3079.13,3079.29,3079.09,550477
2019-11-05 14:58:00,3079.12,3079.22,3079.23,3079.09,1172583
2019-11-05 14:59:00,3079.23,3078.89,3079.23,3078.87,2076979
2019-11-05 15:00:00,3078.88,3078.08,3078.89,3078.06,1491719
2019-11-05 15:01:00,3078.1,3078.29,3078.34,3078.08,2052885
2019-11-05 15:02:00,3078.3,3078.82,3078.9,3078.29,101385
2019-11-05 15:03:00,3078.81,3078.85,3079.04,3078.72,2099759
2019-11-05 15:04:00,3078.83,3078.77,3078.85,3078.73,262344
2019-11-05 15:05:00,3078.77,3078.49,3078.82,3078.34,1042972
2019-11-05 15:06:00,3078.52,3078.28,3078.63,3078.19,1285361
2019-11-05 15:07:00,3078.29,3077.56,3078.29,3077.47,1332167
2019-11-05 15:08:00,3077.53,3078.11,3078.14,3077.49,676230
2019-11-05 15:09:00,3078.1,3078.54,3078.76,3078.09,1420332
2019-11-05 15:10:00,3078.55,3078.19,3078.55,3078.17,2388639
2019-11-05 15:11:00,3078.2,3077.69,3078.26,3077.69,1256643
2019-11-05 15:12:00,3077.68,3077.81,3077.81,3077.54,849512
2019-11-05 15:13:00,3077.8,3077.79,3078.09,3077.73,642252
2019-11-05 15:14:00,3077.8,3077.77,3077.89,3077.7,1419362
2019-11-05 15:15:00,3077.75,3077.56,3077.81,3077.55,2292049
2019-11-05 15:16:00,3077.54,3077.53,3077.55,3077.37,2230104
2019-11-05 15:17:00,3077.53,3076.8,3077.53,3076.8,1789205
2019-11-05 15:18:00,3076.8,3076.71,3076.92,3076.62,988753
2019-11-05 15:19:00,3076.69,3077.08,3077.2,3076.69,1959435
2019-11-05 15:20:00,3077.04,3076.81,3077.04,3076.73,1963565
2019-11-05 15:21:00,3076.79,3077.39,3077.63,3076.78,1824835
2019-11-05 15:22:00,3077.38,3077.57,3077.63,3077.36,1006493
2019-11-05 15:23:00,3077.53,3077.97,3077.97,3077.48,1273545
2019-11-05 15:24:00,3077.98,3078.62,3078.62,3077.9,2603391
2019-11-05 15:25:00,3078.56,3077.71,3078.56,3077.7,635088
2019-11-05 15:26:00,3077.62,3077.37,3077.62,3077.37,1499608
2019-11-05 15:27:00,3077.36,3077.42,3077.51,3077.27,1163810
2019-11-05 15:28:00,3077.42,3077.32,3077.57,3077.32,889340
2019-11-05 15:29:00,3077.33,3076.95,3077.38,3076.95,1516775
2019-11-05 15:30:00,3076.91,3077.53,3077.56,3076.91,983983
2019-11-05 15:31:00,3077.54,3076.16,3077.55,3076.16,1155017
2019-11-05 15:32:00,3076.17,3075.39,3076.17,3075.27,789064
2019-11-05 15:33:00,3075.38,3075.57,3076.06,3075.29,1831256
2019-11-05 15:34:00,3075.59,3076.28,3076.29,3075.43,549871
2019-11-05 15:35:00,3076.28,3076.98,3076.98,3076.08,2008474
2019-11-05 15:36:00,3077.0,3077.27,3077.36,3077.0,1137710
2019-11-05 15:37:00,3077.27,3077.29,3077.77,3077.26,1814008
2019-11-05 15:38:00,3077.3,3077.87,3077.89,3076.9,686685
2019-11-05 15:39:00,3077.89,3078.29,3078.32,3077.89,2558249
2019-11-05 15:40:00,3078.27,3078.64,3078.64,3078.14,1836589
2019-11-05 15:41:00,3078.63,3078.15,3078.89,3078.06,1282727
2019-11-05 15:42:00,3078.16,3078.05,3078.24,3078.03,1291346
2019-11-05 15:43:00,3078.05,3078.14,3078.23,3078.05,989062
2019-11-05 15:44:00,3078.16,3078.05,3078.41,3078.05,1335651
2019-11-05 15:45:00,3078.04,3078.56,3078.56,3077.93,2938591
2019-11-05 15:46:00,3078.57,3078.09,3078.65,3078.04,425308
2019-11-05 15:47:00,3078.11,3077.41,3078.11,3077.41,1764163
2019-11-05 15:48:00,3077.38,3076.9,3077.38,3076.81,1384361
2019-11-05 15:49:00,3076.91,3076.62,3076.91,3076.1,1488855
2019-11-05 15:50:00,3076.23,3076.14,3077.06,3076.06,1232253
2019-11-05 15:51:00,3076.13,3076.13,3076.49,3075.82,2117848
2019-11-05 15:52:00,3076.38,3075.91,3076.38,3075.87,2027499
2019-11-05 15:53:00,3076.03,3076.36,3076.48,3076.01,2188388
2019-11-05 15:54:00,3077.04,3076.38,3077.17,3076.13,1939332
2019-11-05 15:55:00,3076.12,3075.89,3076.3,3075.52,1433935
2019-11-05 15:56:00,3075.92,3075.05,3076.07,3075.05,1411255
2019-11-05 15:57:00,3075.06,3074.11,3075.15,3074.08,1642368
2019-11-05 15:58:00,3074.37,3074.6,3075.59,3074.37,685507
2019-11-05 15:59:00,3074.69,3074.81,3075.57,3073.65,1904502
2019-11-05 16:00:00,3074.78,3074.75,3074.78,3074.75,757344
2019-11-06 09:30:00,3075.1,3074.12,3075.91,3073.9,1924279
2019-11-06 09:31:00,3074.02,3073.59,3074.12,3073.21,2058811
2019-11-06 09:32:00,3073.42,3071.78,3073.42,3071.74,1427176
2019-11-06 09:33:00,3071.76,3072.03,3072.07,3071.25,1578703
2019-11-06 09:34:00,3072.05,3071.2,3072.05,3071.12,1239742
2019-11-06 09:35:00,3071.19,3071.05,3071.44,3071.05,1195847
2019-11-06 09:36:00,3070.63,3071.99,3072.04,3070.08,576072
2019-11-06 09:37:00,3071.88,3070.79,3071.88,3070.79,2076512
2019-11-06 09:38:00,3070.91,3071.04,3071.34,3070.78,2216763
2019-11-06 09:39:00,3071.07,3071.54,3071.78,3070.61,1973246
2019-11-06 09:40:00,3071.66,3071.59,3072.0,3071.24,972152
2019-11-06 09:41:00,3071.64,3071.81,3071.86,3071.25,1785739
2019-11-06 09:42:00,3071.75,3072.32,3072.32,3071.75,2470037
2019-11-06 09:43:00,3072.31,3073.28,3073.28,3072.18,1296113
2019-11-06 09:44:00,3073.32,3072.97,3073.34,3072.72,1172672
2019-11-06 09:45:00,3073.1,3072.65,3073.28,3072.65,1544748
2019-11-06 09:46:00,3072.63,3072.18,3072.83,3072.11,1082681
2019-11-06 09:47:00,3072.13,3072.44,3072.9,3071.97,295531
2019-11-06 09:48:00,3072.43,3072.01,3072.5,3071.76,100912
2019-11-06 09:49:00,3072.06,3071.93,3072.19,3071.72,1363316
2019-11-06 09:50:00,3071.96,3071.97,3072.0,3071.64,709467
2019-11-06 09:51:00,3072.03,3073.27,3073.39,3072.03,1489966
2019-11-06 09:52:00,3073.25,3072.68,3073.25,3072.18,1061334
2019-11-06 09:53:00,3072.65,3072.57,3072.82,3072.39,2208626
2019-11-06 09:54:00,3072.58,3072.89,3073.11,3072.58,1371620
2019-11-06 09:55:00,3072.88,3073.86,3073.93,3072.82,891201
2019-11-06 09:56:00,3073.88,3074.33,3074.39,3073.75,474719
2019-11-06 09:57:00,3074.37,3074.48,3074.48,3074.11,1576057
2019-11-06 09:58:00,3074.54,3074.45,3074.86,3074.37,1216731
2019-11-06 09:59:00,3074.44,3074.68,3074.81,3074.36,768994
2019-11-06 10:00:00,3074.63,3075.32,3075.42,3074.45,1163906
2019-11-06 10:01:00,3075.36,3075.67,3075.72,3075.14,1793293
2019-11-06 10:02:00,3075.66,3075.89,3076.02,3075.66,1578302
2019-11-06 10:03:00,3075.86,3075.32,3075.9,3075.32,1126145
2019-11-06 10:04:00,3075.29,3075.07,3075.4,3074.98,854019
2019-11-06 10:05:00,3075.1,3075.85,3076.02,3075.1,1054264
2019-11-06 10:06:00,3075.81,3075.21,3075.83,3075.21,871962
2019-11-06 10:07:00,3075.17,3075.13,3075.47,3075.08,2033734
2019-11-06 10:08:00,3075.15,3074.96,3075.15,3074.71,1678002
2019-11-06 10:09:00,3074.98,3075.35,3075.35,3074.81,2018114
2019-11-06 10:10:00,3075.38,3075.85,3075.85,3074.94,1265817
2019-11-06 10:11:00,3075.85,3075.92,3076.29,3075.85,1545310
2019-11-06 10:12:00,3075.97,3075.99,3076.02,3075.59,200799
2019-11-06 10:13:00,3075.99,3076.39,3076.78,3075.82,1882506
2019-11-06 10:14:00,3076.39,3076.48,3076.51,3076.19,1122299
2019-11-06 10:15:00,3076.55,3075.56,3076.61,3075.51,1269447
2019-11-06 10:16:00,3075.54,3075.94,3075.94,3075.48,2122941
2019-11-06 10:17:00,3075.9,3076.19,3076.36,3075.9,1339789
2019-11-06 10:18:00,3076.23,3075.77,3076.23,3075.63,1873529
2019-11-06 10:19:00,3075.77,3075.5,3075.86,3075.46,2077278
2019-11-06 10:20:00,3075.48,3075.51,3075.69,3075.34,573998
2019-11-06 10:21:00,3075.55,3075.77,3075.99,3075.55,1831589
2019-11-06 10:22:00,3075.85,3075.21,3076.08,3075.14,826507
2019-11-06 10:23:00,3075.2,3075.41,3075.41,3075.16,1510336
2019-11-06 10:24:00,3075.38,3076.13,3076.13,3075.38,2530507
2019-11-06 10:25:00,3076.18,3075.87,3076.29,3075.82,838579
2019-11-06 10:26:00,3075.87,3075.47,3075.87,3075.38,410174
2019-11-06 10:27:00,3075.47,3074.55,3075.48,3074.54,2296859
2019-11-06 10:28:00,3074.55,3073.94,3074.55,3073.75,247796
2019-11-06 10:29:00,3073.96,3073.93,3074.16,3073.83,1819760
2019-11-06 10:30:00,3073.3,3073.18,3073.49,3072.75,833176
2019-11-06 10:31:00,3073.19,3073.61,3073.72,3072.9,1780528
2019-11-06 10:32:00,3073.59,3073.21,3073.8,3073.21,1912453
2019-11-06 10:33:00,3073.25,3073.45,3073.74,3073.25,1750732
2019-11-06 10:34:00,3073.46,3073.22,3073.55,3073.22,1547682
2019-11-06 10:35:00,3073.22,3072.81,3073.22,3072.63,1488687
2019-11-06 10:36:00,3072.85,3072.95,3073.05,3072.67,1428701
2019-11-06 10:37:00,3072.98,3073.4,3073.72,3072.98,1720166
2019-11-06 10:38:00,3073.38,3073.55,3073.71,3073.38,1355314
2019-11-06 10:39:00,3073.51,3073.45,3073.61,3073.37,996245
2019-11-06 10:40:00,3073.52,3073.68,3073.71,3073.5,1122868
2019-11-06 10:41:00,3073.77,3073.43,3073.93,3073.43,363823
2019-11-06 10:42:00,3073.44,3074.86,3074.86,3073.42,516552
2019-11-06 10:43:00,3074.86,3074.82,3075.06,3074.75,1757599
2019-11-06 10:44:00,3074.81,3074.55,3074.84,3074.17,1220936
2019-11-06 10:45:00,3074.58,3074.59,3074.82,3074.57,1168997
2019-11-06 10:46:00,3074.6,3073.95,3074.69,3073.8,964894
2019-11-06 10:47:00,3074.03,3073.71,3074.47,3073.67,1220496
2019-11-06 10:48:00,3073.81,3074.32,3074.33,3073.78,1485908
2019-11-06 10:49:00,3074.33,3074.17,3074.38,3074.12,1257400
2019-11-06 10:50:00,3074.19,3073.48,3074.19,3073.44,1066113
2019-11-06 10:51:00,3073.49,3073.33,3073.71,3073.3,611993
2019-11-06 10:52:00,3073.37,3073.71,3073.87,3073.3,2281488
2019-11-06 10:53:00,3073.71,3073.21,3073.71,3073.21,1415762
2019-11-06 10:54:00,3073.18,3072.96,3073.33,3072.96,2221823
2019-11-06 10:55:00,3072.96,3072.75,3073.01,3072.61,1266918
2019-11-06 10:56:00,3072.73,3073.21,3073.31,3072.69,655036
2019-11-06 10:57:00,3073.22,3073.0,3073.34,3072.88,1112953
2019-11-06 10:58:00,3072.99,3072.71,3072.99,3072.49,409500
2019-11-06 10:59:00,3072.73,3072.59,3072.87,3072.38,1350686
2019-11-06 11:00:00,3072.64,3073.59,3073.71,3072.64,893842
2019-11-06 11:01:00,3073.56,3073.23,3073.57,3073.22,2149152
2019-11-06 11:02:00,3073.24,3072.84,3073.25,3072.55,1506108
2019-11-06 11:03:00,3072.9,3072.94,3073.31,3072.83,1748270
2019-11-06 11:04:00,3072.98,3073.88,3073.99,3072.98,2420623
2019-11-06 11:05:00,3073.9,3074.13,3074.29,3073.9,1743212
2019-11-06 11:06:00,3074.15,3074.3,3074.36,3074.01,1863159
2019-11-06 11:07:00,3074.27,3074.33,3074.34,3074.25,1750960
2019-11-06 11:08:00,3074.33,3074.53,3074.6,3074.33,2131966
2019-11-06 11:09:00,3074.48,3074.51,3074.83,3074.35,1567915
2019-11-06 11:10:00,3074.52,3074.59,3074.59,3074.46,1308551
2019-11-06 11:11:00,3074.57,3074.74,3074.83,3074.57,1343029
2019-11-06 11:12:00,3074.77,3074.58,3074.77,3074.52,1805576
2019-11-06 11:13:00,3074.59,3073.99,3074.65,3073.98,1381415
2019-11-06 11:14:00,3073.94,3073.47,3074.0,3073.42,1088296
2019-11-06 11:15:00,3073.49,3074.01,3074.05,3073.46,549619
2019-11-06 11:16:00,3074.03,3074.06,3074.56,3074.03,1601906
2019-11-06 11:17:00,3074.04,3073.52,3074.07,3073.41,1504411
2019-11-06 11:18:00,3073.52,3073.83,3073.87,3073.49,2216994
2019-11-06 11:19:00,3073.83,3074.32,3074.36,3073.83,1230444
2019-11-06 11:20:00,3074.3,3073.89,3074.33,3073.87,1849536
2019-11-06 11:21:00,3073.88,3074.13,3074.16,3073.83,492477
2019-11-06 11:22:00,3074.13,3073.68,3074.28,3073.67,1161570
2019-11-06 11:23:00,3073.67,3073.52,3073.81,3073.47,402893
2019-11-06 11:24:00,3073.51,3073.41,3073.51,3073.35,1448197
2019-11-06 11:25:00,3073.45,3073.64,3073.64,3073.42,393920
2019-11-06 11:26:00,3073.65,3073.98,3074.0,3073.65,1400307
2019-11-06 11:27:00,3073.97,3073.8,3074.01,3073.65,1092059
2019-11-06 11:28:00,3073.78,3073.39,3073.82,3073.26,1220443
2019-11-06 11:29:00,3073.39,3073.72,3073.72,3073.39,738019
2019-11-06 11:30:00,3073.74,3074.79,3074.8,3073.61,1416500
2019-11-06 11:31:00,3074.8,3075.2,3075.46,3074.8,2584672
2019-11-06 11:32:00,3075.21,3075.52,3075.63,3075.21,479356
2019-11-06 11:33:00,3075.56,3075.89,3075.89,3075.56,1528565
2019-11-06 11:34:00,3075.9,3075.98,3075.98,3075.8,506388
2019-11-06 11:35:00,3076.0,3075.59,3076.12,3075.59,2328917
2019-11-06 11:36:00,3075.57,3075.95,3075.96,3075.57,1665868
2019-11-06 11:37:00,3075.96,3075.79,3075.98,3075.65,1436558
2019-11-06 11:38:00,3075.85,3075.81,3075.89,3075.65,1976012
2019-11-06 11:39:00,3075.82,3076.12,3076.15,3075.82,618267
2019-11-06 11:40:00,3076.16,3075.97,3076.16,3075.87,1403234
2019-11-06 11:41:00,3075.98,3076.1,3076.13,3075.9,1815796
2019-11-06 11:42:00,3076.11,3076.28,3076.31,3076.07,1166921
2019-11-06 11:43:00,3076.28,3075.81,3076.32,3075.81,648468
2019-11-06 11:44:00,3075.79,3070.42,3078.34,3070.16,1977584
2019-11-06 11:45:00,3070.6,3072.71,3072.88,3067.26,1059052
2019-11-06 11:46:00,3072.76,3071.57,3073.2,3070.85,1081971
2019-11-06 11:47:00,3071.73,3070.58,3072.03,3070.51,1811409
2019-11-06 11:48:00,3070.6,3068.25,3070.63,3068.21,1339410
2019-11-06 11:49:00,3068.29,3069.14,3069.76,3068.08,1356898
2019-11-06 11:50:00,3068.79,3067.96,3068.99,3067.74,345399
2019-11-06 11:51:00,3067.9,3068.22,3068.22,3067.39,785078
2019-11-06 11:52:00,3068.19,3066.38,3068.19,3066.21,1396688
2019-11-06 11:53:00,3066.43,3066.8,3067.66,3066.29,2285715
2019-11-06 11:54:00,3066.83,3066.44,3066.83,3065.89,1636683
2019-11-06 11:55:00,3066.41,3068.23,3068.23,3066.41,1106688
2019-11-06 11:56:00,3068.23,3068.48,3068.53,3067.96,1217767
2019-11-06 11:57:00,3068.47,3068.42,3068.53,3068.18,1434862
2019-11-06 11:58:00,3068.44,3068.92,3068.93,3068.44,2142771
2019-11-06 11:59:00,3068.93,3068.44,3069.14,3068.44,1619864
2019-11-06 12:00:00,3068.83,3068.7,3068.83,3068.19,2297329
2019-11-06 12:01:00,3068.71,3069.56,3069.56,3068.54,1157317
2019-11-06 12:02:00,3069.58,3070.01,3070.64,3069.55,1062612
2019-11-06 12:03:00,3070.07,3069.4,3070.07,3069.35,1807496
2019-11-06 12:04:00,3069.4,3070.23,3070.31,3069.39,2451113
2019-11-06 12:05:00,3070.17,3070.61,3070.73,3069.76,1371023
2019-11-06 12:06:00,3070.62,3070.42,3070.76,3070.41,1786631
2019-11-06 12:07:00,3070.42,3070.97,3070.97,3070.4,2167535
2019-11-06 12:08:00,3071.01,3071.51,3071.54,3070.94,2187573
2019-11-06 12:09:00,3071.5,3071.09,3071.75,3071.01,584826
2019-11-06 12:10:00,3071.12,3070.7,3071.28,3070.7,1308497
2019-11-06 12:11:00,3070.67,3070.35,3070.96,3070.34,672088
2019-11-06 12:12:00,3070.42,3070.66,3070.74,3070.17,812187
2019-11-06 12:13:00,3070.64,3070.84,3071.07,3070.62,1354592
2019-11-06 12:14:00,3070.84,3070.9,3070.94,3070.66,1226907
2019-11-06 12:15:00,3070.9,3070.31,3070.9,3070.12,1552999
2019-11-06 12:16:00,3070.37,3070.03,3070.64,3069.99,2182675
2019-11-06 12:17:00,3070.03,3069.56,3070.06,3069.56,1466337
2019-11-06 12:18:00,3069.54,3069.64,3069.94,3069.54,1610463
2019-11-06 12:19:00,3069.64,3069.79,3070.04,3069.64,714445
2019-11-06 12:20:00,3069.78,3070.0,3070.0,3069.51,1927930
2019-11-06 12:21:00,3070.0,3070.16,3070.44,3070.0,1585539
2019-11-06 12:22:00,3070.14,3070.14,3070.28,3069.95,1133639
2019-11-06 12:23:00,3070.11,3069.39,3070.11,3069.37,1155058
2019-11-06 12:24:00,3069.41,3069.8,3069.9,3069.41,190976
2019-11-06 12:25:00,3069.8,3069.84,3070.05,3069.71,2038622
2019-11-06 12:26:00,3069.85,3069.2,3069.94,3069.2,1046692
2019-11-06 12:27:00,3069.18,3068.73,3069.19,3068.72,778889
2019-11-06 12:28:00,3068.72,3068.65,3068.74,3068.49,1158475
2019-11-06 12:29:00,3068.66,3068.41,3068.83,3068.36,1209971
2019-11-06 12:30:00,3068.42,3068.54,3068.78,3068.4,836084
2019-11-06 12:31:00,3068.54,3068.77,3068.77,3068.54,1543904
2019-11-06 12:32:00,3068.87,3068.7,3069.04,3068.6,1322038
2019-11-06 12:33:00,3068.72,3068.89,3068.9,3068.63,1101660
2019-11-06 12:34:00,3068.91,3069.15,3069.15,3068.88,1131020
2019-11-06 12:35:00,3069.14,3069.71,3069.71,3069.14,1963876
2019-11-06 12:36:00,3069.75,3070.17,3070.24,3069.75,1423061
2019-11-06 12:37:00,3070.18,3070.35,3070.35,3069.98,1115420
2019-11-06 12:38:00,3070.44,3070.77,3070.77,3070.32,1544954
2019-11-06 12:39:00,3070.79,3070.84,3070.85,3070.44,1259783
2019-11-06 12:40:00,3070.83,3070.97,3071.11,3070.83,1469000
2019-11-06 12:41:00,3070.96,3070.88,3071.0,3070.75,1222972
2019-11-06 12:42:00,3070.86,3070.66,3070.86,3070.53,2140261
2019-11-06 12:43:00,3070.65,3070.16,3070.65,3069.94,1423633
2019-11-06 12:44:00,3070.17,3069.9,3070.32,3069.89,1029886
2019-11-06 12:45:00,3069.94,3069.53,3069.95,3069.53,1542410
2019-11-06 12:46:00,3069.51,3069.3,3069.51,3069.17,2108529
2019-11-06 12:47:00,3069.3,3069.05,3069.3,3069.01,1384071
2019-11-06 12:48:00,3069.1,3068.67,3069.14,3068.58,875633
2019-11-06 12:49:00,3068.71,3069.2,3069.23,3068.71,1607552
2019-11-06 12:50:00,3069.21,3069.08,3069.45,3069.08,1190474
2019-11-06 12:51:00,3069.08,3069.14,3069.17,3068.99,1378727
2019-11-06 12:52:00,3069.16,3069.12,3069.33,3069.08,1655499
2019-11-06 12:53:00,3069.25,3068.7,3069.31,3068.69,1101407
2019-11-06 12:54:00,3068.65,3068.85,3069.01,3068.61,1964798
2019-11-06 12:55:00,3068.86,3068.89,3069.0,3068.84,1692839
2019-11-06 12:56:00,3068.85,3068.76,3068.9,3068.74,1582534
2019-11-06 12:57:00,3068.76,3068.82,3068.92,3068.56,2167685
2019-11-06 12:58:00,3068.82,3068.94,3069.02,3068.69,278748
2019-11-06 12:59:00,3068.94,3069.73,3069.74,3068.9,1452968
2019-11-06 13:00:00,3069.73,3069.9,3070.54,3069.68,1544873
2019-11-06 13:01:00,3069.85,3069.46,3069.86,3069.39,1658956
2019-11-06 13:02:00,3069.46,3069.69,3069.71,3069.24,1021868
2019-11-06 13:03:00,3069.66,3069.89,3069.92,3069.48,906822
2019-11-06 13:04:00,3069.89,3070.01,3070.03,3069.67,1227034
2019-11-06 13:05:00,3070.02,3069.78,3070.02,3069.37,902494
2019-11-06 13:06:00,3069.76,3069.3,3069.76,3069.28,1309423
2019-11-06 13:07:00,3069.29,3069.2,3069.33,3069.09,2124784
2019-11-06 13:08:00,3069.19,3068.33,3069.19,3068.26,1682608
2019-11-06 13:09:00,3068.32,3068.58,3068.7,3068.32,1754580
2019-11-06 13:10:00,3068.59,3068.99,3069.0,3068.41,1965006
2019-11-06 13:11:00,3068.99,3068.97,3069.0,3068.79,164390
2019-11-06 13:12:00,3068.95,3069.21,3069.21,3068.95,1969469
2019-11-06 13:13:00,3069.24,3069.68,3069.68,3069.24,477164
2019-11-06 13:14:00,3069.71,3069.8,3069.94,3069.67,1242467
2019-11-06 13:15:00,3069.83,3070.42,3070.42,3069.83,859468
2019-11-06 13:16:00,3070.44,3070.58,3070.59,3070.28,2113800
2019-11-06 13:17:00,3070.58,3070.73,3071.09,3070.58,2421658
2019-11-06 13:18:00,3070.75,3071.22,3071.25,3070.75,1658761
2019-11-06 13:19:00,3071.22,3071.36,3071.37,3071.11,511320
2019-11-06 13:20:00,3071.36,3072.25,3072.25,3071.36,577610
2019-11-06 13:21:00,3072.25,3072.29,3072.35,3072.03,2068082
2019-11-06 13:22:00,3072.29,3072.14,3072.41,3072.06,612920
2019-11-06 13:23:00,3072.13,3072.34,3072.45,3072.11,898439
2019-11-06 13:24:00,3072.33,3072.31,3072.53,3072.21,1584997
2019-11-06 13:25:00,3072.31,3072.13,3072.32,3071.94,1443771
2019-11-06 13:26:00,3072.14,3072.41,3072.43,3072.14,2016141
2019-11-06 13:27:00,3072.41,3072.55,3072.7,3072.39,1429579
2019-11-06 13:28:00,3072.55,3073.21,3073.34,3072.53,655420
2019-11-06 13:29:00,3073.22,3073.16,3073.37,3073.05,1110553
2019-11-06 13:30:00,3073.16,3073.12,3073.41,3073.12,1398251
2019-11-06 13:31:00,3073.09,3072.98,3073.09,3072.82,1248416
2019-11-06 13:32:00,3072.98,3072.67,3072.99,3072.67,1154949
2019-11-06 13:33:00,3072.66,3072.47,3072.76,3072.47,1210937
2019-11-06 13:34:00,3072.46,3072.24,3072.46,3072.24,1912743
2019-11-06 13:35:00,3072.25,3072.69,3072.69,3072.24,1423596
2019-11-06 13:36:00,3072.7,3072.4,3072.76,3072.4,1526496
2019-11-06 13:37:00,3072.44,3072.44,3072.58,3072.29,1197818
2019-11-06 13:38:00,3072.47,3073.2,3073.2,3072.47,1325307
2019-11-06 13:39:00,3073.23,3073.51,3073.61,3073.23,820845
2019-11-06 13:40:00,3073.52,3073.66,3073.84,3073.5,1405693
2019-11-06 13:41:00,3073.66,3074.31,3074.38,3073.6,2397777
2019-11-06 13:42:00,3074.38,3074.27,3074.46,3074.23,1505780
2019-11-06 13:43:00,3074.27,3073.94,3074.27,3073.91,1206741
2019-11-06 13:44:00,3073.91,3074.29,3074.29,3073.78,1740968
2019-11-06 13:45:00,3074.29,3074.1,3074.48,3074.1,1591023
2019-11-06 13:46:00,3074.09,3073.93,3074.11,3073.88,461738
2019-11-06 13:47:00,3073.92,3073.81,3074.19,3073.81,1947013
2019-11-06 13:48:00,3073.81,3073.75,3073.83,3073.59,1700037
2019-11-06 13:49:00,3073.73,3073.75,3073.75,3073.53,2276119
2019-11-06 13:50:00,3073.79,3074.01,3074.05,3073.79,1888981
2019-11-06 13:51:00,3074.01,3074.25,3074.27,3074.01,168278
2019-11-06 13:52:00,3074.34,3074.67,3074.67,3074.34,1729620
2019-11-06 13:53:00,3074.66,3074.78,3074.98,3074.64,1340221
2019-11-06 13:54:00,3074.76,3074.77,3075.0,3074.75,559098
2019-11-06 13:55:00,3074.75,3075.12,3075.41,3074.75,2473744
2019-11-06 13:56:00,3075.11,3075.12,3075.17,3074.93,1524267
2019-11-06 13:57:00,3075.14,3075.96,3076.18,3075.13,2032102
2019-11-06 13:58:00,3075.98,3075.79,3076.2,3075.73,893226
2019-11-06 13:59:00,3075.81,3075.94,3075.97,3075.72,2249960
2019-11-06 14:00:00,3075.95,3076.25,3076.29,3075.95,744277
2019-11-06 14:01:00,3076.24,3076.06,3076.39,3075.96,2093644
2019-11-06 14:02:00,3076.05,3075.64,3076.05,3075.63,1155291
2019-11-06 14:03:00,3075.61,3075.5,3075.89,3075.5,1264237
2019-11-06 14:04:00,3075.5,3075.72,3075.72,3075.42,1841813
2019-11-06 14:05:00,3075.74,3075.45,3075.93,3075.4,1153547
2019-11-06 14:06:00,3075.47,3075.54,3075.66,3075.46,1552243
2019-11-06 14:07:00,3075.53,3075.86,3075.9,3075.46,1616650
2019-11-06 14:08:00,3075.87,3076.14,3076.14,3075.87,1176509
2019-11-06 14:09:00,3076.14,3075.77,3076.16,3075.52,1678702
2019-11-06 14:10:00,3075.79,3075.51,3075.91,3075.48,1289787
2019-11-06 14:11:00,3075.52,3075.51,3075.64,3075.41,1259547
2019-11-06 14:12:00,3075.49,3075.23,3075.54,3075.11,963644
2019-11-06 14:13:00,3075.22,3075.52,3075.71,3075.21,204521
2019-11-06 14:14:00,3075.49,3075.86,3075.87,3075.46,1709512
2019-11-06 14:15:00,3075.84,3075.55,3075.84,3075.54,403299
2019-11-06 14:16:00,3075.53,3075.63,3075.68,3075.51,1227780
2019-11-06 14:17:00,3075.73,3075.53,3075.85,3075.53,302545
2019-11-06 14:18:00,3075.51,3075.39,3075.55,3075.33,2008416
2019-11-06 14:19:00,3075.38,3075.49,3075.66,3075.32,1253199
2019-11-06 14:20:00,3075.49,3075.93,3075.93,3075.49,1623463
2019-11-06 14:21:00,3075.97,3075.13,3076.07,3075.13,1274014
2019-11-06 14:22:00,3075.15,3074.49,3075.16,3074.49,928704
2019-11-06 14:23:00,3074.49,3073.97,3074.51,3073.92,1408623
2019-11-06 14:24:00,3073.97,3074.8,3074.8,3073.69,819353
2019-11-06 14:25:00,3074.85,3075.21,3075.3,3074.85,1927294
2019-11-06 14:26:00,3075.2,3075.13,3075.27,3075.11,1804092
2019-11-06 14:27:00,3075.13,3075.07,3075.14,3074.97,1463323
2019-11-06 14:28:00,3075.07,3074.84,3075.09,3074.72,1992049
2019-11-06 14:29:00,3074.86,3074.83,3074.9,3074.67,1637804
2019-11-06 14:30:00,3074.87,3075.2,3075.39,3074.86,1012272
2019-11-06 14:31:00,3075.18,3075.27,3075.34,3075.18,1836049
2019-11-06 14:32:00,3075.23,3074.73,3075.23,3074.67,1510464
2019-11-06 14:33:00,3074.75,3074.57,3074.85,3074.57,1966897
2019-11-06 14:34:00,3074.52,3074.46,3074.69,3074.45,1869491
2019-11-06 14:35:00,3074.5,3074.32,3074.66,3074.32,2189651
2019-11-06 14:36:00,3074.32,3074.37,3074.52,3074.22,1673815
2019-11-06 14:37:00,3074.37,3073.9,3074.43,3073.88,1806407
2019-11-06 14:38:00,3073.96,3074.33,3074.39,3073.85,2096037
2019-11-06 14:39:00,3074.31,3074.25,3074.31,3074.14,2569372
2019-11-06 14:40:00,3074.24,3074.55,3074.55,3074.17,1787819
2019-11-06 14:41:00,3074.56,3074.29,3074.69,3074.25,2600961
2019-11-06 14:42:00,3074.29,3074.9,3074.9,3074.29,2353049
2019-11-06 14:43:00,3074.88,3075.19,3075.2,3074.88,1071696
2019-11-06 14:44:00,3075.2,3074.9,3075.43,3074.74,1189529
2019-11-06 14:45:00,3074.91,3074.97,3075.1,3074.72,2136460
2019-11-06 14:46:00,3074.95,3074.83,3074.96,3074.66,719493
2019-11-06 14:47:00,3074.81,3074.78,3074.97,3074.77,1760054
2019-11-06 14:48:00,3074.82,3074.7,3074.91,3074.7,1454688
2019-11-06 14:49:00,3074.73,3075.0,3075.05,3074.72,1509149
2019-11-06 14:50:00,3074.96,3075.06,3075.1,3074.91,932849
2019-11-06 14:51:00,3075.07,3075.24,3075.33,3074.87,927208
2019-11-06 14:52:00,3075.27,3075.23,3075.41,3075.14,1008841
2019-11-06 14:53:00,3075.25,3075.03,3075.29,3074.96,1377162
2019-11-06 14:54:00,3075.09,3074.96,3075.19,3074.87,712922
2019-11-06 14:55:00,3074.97,3074.8,3075.05,3074.78,2354212
2019-11-06 14:56:00,3074.82,3074.96,3075.1,3074.82,891154
2019-11-06 14:57:00,3074.94,3075.12,3075.12,3074.94,1252811
2019-11-06 14:58:00,3075.12,3075.19,3075.2,3075.03,878061
2019-11-06 14:59:00,3075.18,3075.22,3075.26,3075.03,543199
2019-11-06 15:00:00,3075.25,3074.57,3075.25,3074.57,703271
2019-11-06 15:01:00,3074.55,3074.49,3074.7,3074.3,1575218
2019-11-06 15:02:00,3074.48,3074.24,3074.56,3074.21,1102503
2019-11-06 15:03:00,3074.27,3074.46,3074.47,3074.16,2392654
2019-11-06 15:04:00,3074.45,3074.28,3074.45,3074.25,508212
2019-11-06 15:05:00,3074.28,3074.38,3074.51,3074.22,1106787
2019-11-06 15:06:00,3074.37,3074.2,3074.39,3073.89,952318
2019-11-06 15:07:00,3074.2,3074.24,3074.32,3074.2,1377432
2019-11-06 15:08:00,3074.25,3073.74,3074.33,3073.74,1605309
2019-11-06 15:09:00,3073.76,3074.24,3074.25,3073.76,2040906
2019-11-06 15:10:00,3074.26,3074.98,3075.09,3074.25,2058645
2019-11-06 15:11:00,3074.96,3075.62,3075.63,3074.96,1338721
2019-11-06 15:12:00,3075.63,3075.38,3075.8,3075.38,1443856
2019-11-06 15:13:00,3075.38,3075.7,3075.7,3075.27,1074602
2019-11-06 15:14:00,3075.72,3075.4,3075.74,3075.29,1025550
2019-11-06 15:15:00,3075.41,3075.67,3075.67,3075.39,1817164
2019-11-06 15:16:00,3075.65,3075.37,3075.66,3075.26,2086701
2019-11-06 15:17:00,3075.38,3075.66,3075.72,3075.38,1841355
2019-11-06 15:18:00,3075.68,3075.77,3075.88,3075.68,1129048
2019-11-06 15:19:00,3075.76,3075.85,3075.85,3075.62,848317
2019-11-06 15:20:00,3075.85,3076.48,3076.48,3075.82,1898532
2019-11-06 15:21:00,3076.53,3076.43,3076.54,3076.13,1173542
2019-11-06 15:22:00,3076.41,3075.97,3076.41,3075.74,700148
2019-11-06 15:23:00,3075.96,3076.4,3076.41,3075.95,452995
2019-11-06 15:24:00,3076.4,3075.87,3076.4,3075.86,2064089
2019-11-06 15:25:00,3075.87,3075.91,3076.01,3075.82,1342203
2019-11-06 15:26:00,3075.9,3075.57,3075.92,3075.57,437255
2019-11-06 15:27:00,3075.56,3075.75,3075.75,3075.35,1632216
2019-11-06 15:28:00,3075.77,3075.38,3075.8,3075.38,1415484
2019-11-06 15:29:00,3075.38,3075.27,3075.38,3075.17,900086
2019-11-06 15:30:00,3075.29,3074.55,3075.3,3074.49,1776640
2019-11-06 15:31:00,3074.54,3074.14,3074.8,3074.14,1965514
2019-11-06 15:32:00,3074.1,3073.94,3074.1,3073.87,1971032
2019-11-06 15:33:00,3073.94,3074.1,3074.11,3073.8,976990
2019-11-06 15:34:00,3074.11,3074.08,3074.21,3073.96,1729253
2019-11-06 15:35:00,3074.1,3074.5,3074.5,3074.02,999990
2019-11-06 15:36:00,3074.53,3074.42,3074.63,3074.31,2228836
2019-11-06 15:37:00,3074.38,3075.19,3075.19,3074.34,1553046
2019-11-06 15:38:00,3075.21,3075.51,3075.54,3075.17,1431130
2019-11-06 15:39:00,3075.51,3075.28,3075.51,3075.2,1436155
2019-11-06 15:40:00,3075.24,3074.48,3075.31,3074.48,1287752
2019-11-06 15:41:00,3074.46,3073.98,3074.52,3073.96,1472534
2019-11-06 15:42:00,3074.01,3073.94,3074.2,3073.9,1384294
2019-11-06 15:43:00,3073.93,3074.29,3074.33,3073.89,2434416
2019-11-06 15:44:00,3074.27,3073.96,3074.28,3073.93,1165428
2019-11-06 15:45:00,3073.88,3074.02,3074.03,3073.57,1049937
2019-11-06 15:46:00,3074.04,3074.08,3074.19,3074.01,917136
2019-11-06 15:47:00,3074.07,3073.96,3074.18,3073.94,876976
2019-11-06 15:48:00,3073.93,3074.37,3074.49,3073.85,1811920
2019-11-06 15:49:00,3074.37,3074.73,3074.73,3074.12,1389220
2019-11-06 15:50:00,3075.21,3075.61,3075.83,3075.21,1938504
2019-11-06 15:51:00,3075.64,3075.25,3075.71,3075.25,619131
2019-11-06 15:52:00,3075.3,3074.74,3075.56,3074.74,1715262
2019-11-06 15:53:00,3074.74,3075.66,3075.66,3074.74,1301673
2019-11-06 15:54:00,3075.77,3075.69,3075.77,3075.13,1495608
2019-11-06 15:55:00,3076.0,3075.99,3076.07,3075.7,1196678
2019-11-06 15:56:00,3076.0,3076.22,3076.37,3075.75,1628917
2019-11-06 15:57:00,3076.15,3075.49,3076.15,3075.2,747803
2019-11-06 15:58:00,3075.49,3075.54,3075.98,3075.49,1450104
2019-11-06 15:59:00,3075.69,3076.75,3076.79,3075.55,1847256
2019-11-06 16:00:00,3076.74,3076.73,3076.74,3076.72,1595555
2019-11-07 09:30:00,3087.02,3089.93,3090.17,3087.02,2603038
2019-11-07 09:31:00,3089.76,3090.44,3090.75,3089.64,983730
2019-11-07 09:32:00,3090.65,3091.05,3091.05,3090.56,1817796
2019-11-07 09:33:00,3091.16,3089.51,3091.38,3089.51,1423974
2019-11-07 09:34:00,3089.4,3089.75,3090.39,3089.3,1361683
2019-11-07 09:35:00,3089.78,3090.44,3090.66,3089.76,388321
2019-11-07 09:36:00,3090.38,3091.7,3092.67,3090.38,525416
2019-11-07 09:37:00,3091.69,3092.22,3092.71,3091.6,1740498
2019-11-07 09:38:00,3092.28,3092.54,3093.3,3092.26,1557297
2019-11-07 09:39:00,3092.54,3093.1,3093.24,3092.54,1040259
2019-11-07 09:40:00,3093.17,3093.56,3093.75,3093.16,770178
2019-11-07 09:41:00,3093.53,3095.45,3095.47,3093.53,1084436
2019-11-07 09:42:00,3095.48,3095.52,3095.74,3095.48,1794573
2019-11-07 09:43:00,3095.55,3094.48,3095.55,3094.24,1228062
2019-11-07 09:44:00,3094.55,3093.97,3094.64,3093.96,1160438
2019-11-07 09:45:00,3094.12,3094.15,3094.47,3094.08,1373978
2019-11-07 09:46:00,3094.16,3093.41,3094.19,3093.34,2075658
2019-11-07 09:47:00,3093.5,3093.59,3093.74,3093.17,1353387
2019-11-07 09:48:00,3093.67,3094.5,3094.5,3093.44,2048759
2019-11-07 09:49:00,3094.5,3093.7,3094.9,3093.7,1412652
2019-11-07 09:50:00,3093.59,3093.16,3093.64,3093.06,1665442
2019-11-07 09:51:00,3093.19,3092.91,3093.48,3092.85,1404511
2019-11-07 09:52:00,3092.97,3092.8,3092.97,3092.4,2046323
2019-11-07 09:53:00,3092.78,3093.19,3093.32,3092.68,1778640
2019-11-07 09:54:00,3093.16,3093.34,3093.49,3092.98,1135255
2019-11-07 09:55:00,3093.34,3092.95,3093.41,3092.84,941536
2019-11-07 09:56:00,3092.9,3093.61,3093.61,3092.78,1381867
2019-11-07 09:57:00,3093.71,3094.06,3094.22,3093.71,1437788
2019-11-07 09:58:00,3094.04,3093.75,3094.13,3093.63,774898
2019-11-07 09:59:00,3093.72,3093.82,3094.14,3093.7,973361
2019-11-07 10:00:00,3094.02,3093.81,3094.58,3093.54,941046
2019-11-07 10:01:00,3093.83,3093.04,3093.86,3093.04,854451
2019-11-07 10:02:00,3092.85,3092.68,3092.93,3092.48,1682548
2019-11-07 10:03:00,3092.62,3092.59,3092.9,3092.14,2389917
2019-11-07 10:04:00,3092.66,3092.19,3092.71,3091.99,791604
2019-11-07 10:05:00,3092.21,3091.77,3092.51,3091.77,1181224
2019-11-07 10:06:00,3091.76,3091.74,3092.11,3091.59,1567395
2019-11-07 10:07:00,3091.75,3091.54,3091.75,3091.21,1508451
2019-11-07 10:08:00,3091.58,3091.49,3091.68,3091.22,1130757
2019-11-07 10:09:00,3091.54,3091.51,3091.74,3091.47,1398568
2019-11-07 10:10:00,3091.43,3091.95,3092.11,3091.4,662045
2019-11-07 10:11:00,3091.99,3091.95,3091.99,3091.65,2259041
2019-11-07 10:12:00,3091.96,3093.73,3093.74,3091.88,2497201
2019-11-07 10:13:00,3093.75,3093.71,3093.93,3093.46,1452474
2019-11-07 10:14:00,3093.83,3093.68,3094.2,3093.26,694092
2019-11-07 10:15:00,3093.71,3094.39,3094.39,3093.68,1669737
2019-11-07 10:16:00,3094.4,3094.5,3094.6,3094.39,1896882
2019-11-07 10:17:00,3094.37,3094.79,3094.8,3094.33,684074
2019-11-07 10:18:00,3094.8,3094.93,3095.3,3094.8,594559
2019-11-07 10:19:00,3094.9,3094.73,3094.95,3094.73,1896582
2019-11-07 10:20:00,3094.74,3093.79,3094.74,3093.65,2471094
2019-11-07 10:21:00,3093.79,3093.66,3093.91,3093.43,1315022
2019-11-07 10:22:00,3093.7,3093.42,3093.78,3093.36,1176750
2019-11-07 10:23:00,3093.46,3093.17,3093.6,3092.98,1399886
2019-11-07 10:24:00,3093.19,3093.26,3093.49,3093.14,583665
2019-11-07 10:25:00,3093.36,3093.26,3093.4,3093.23,2041914
2019-11-07 10:26:00,3093.25,3093.77,3093.85,3093.22,1043898
2019-11-07 10:27:00,3093.8,3093.56,3093.81,3093.43,870851
2019-11-07 10:28:00,3093.55,3093.02,3093.56,3093.02,1658966
2019-11-07 10:29:00,3093.04,3093.11,3093.14,3092.94,283439
2019-11-07 10:30:00,3093.1,3092.99,3093.76,3092.99,2204125
2019-11-07 10:31:00,3093.01,3093.33,3093.44,3093.01,1957120
2019-11-07 10:32:00,3093.36,3093.67,3094.0,3093.35,1285182
2019-11-07 10:33:00,3093.87,3094.43,3094.97,3093.87,2063728
2019-11-07 10:34:00,3094.43,3093.19,3094.43,3093.18,2057566
2019-11-07 10:35:00,3093.15,3093.13,3093.2,3092.38,595177
2019-11-07 10:36:00,3093.14,3093.73,3093.75,3092.78,734132
2019-11-07 10:37:00,3093.74,3093.88,3094.23,3093.73,1745915
2019-11-07 10:38:00,3093.92,3094.6,3094.66,3093.88,873016
2019-11-07 10:39:00,3094.61,3095.06,3095.56,3094.61,1997790
2019-11-07 10:40:00,3095.11,3095.42,3095.42,3094.98,1304171
2019-11-07 10:41:00,3095.45,3095.44,3095.48,3095.18,2295651
2019-11-07 10:42:00,3095.43,3095.13,3095.43,3095.01,1561236
2019-11-07 10:43:00,3095.14,3095.14,3095.35,3095.08,1746286
2019-11-07 10:44:00,3095.14,3094.7,3095.14,3094.34,327662
2019-11-07 10:45:00,3094.71,3095.05,3095.05,3094.61,2783263
2019-11-07 10:46:00,3095.1,3094.15,3095.1,3094.04,1692321
2019-11-07 10:47:00,3094.16,3094.45,3094.5,3094.06,200586
2019-11-07 10:48:00,3094.46,3094.42,3094.5,3094.26,1749843
2019-11-07 10:49:00,3094.41,3094.19,3094.43,3094.19,1472507
2019-11-07 10:50:00,3094.18,3096.74,3097.15,3094.08,1440743
2019-11-07 10:51:00,3096.67,3096.42,3096.87,3096.42,2031695
2019-11-07 10:52:00,3096.43,3095.6,3096.43,3095.49,901112
2019-11-07 10:53:00,3095.61,3094.95,3095.61,3094.7,996758
2019-11-07 10:54:00,3095.03,3095.33,3095.76,3095.03,1765643
2019-11-07 10:55:00,3095.34,3095.3,3095.5,3095.23,2224026
2019-11-07 10:56:00,3095.31,3095.21,3095.39,3095.09,909378
2019-11-07 10:57:00,3095.28,3095.76,3095.8,3095.21,1181709
2019-11-07 10:58:00,3095.79,3095.97,3096.01,3095.49,392323
2019-11-07 10:59:00,3095.94,3095.41,3095.97,3095.38,1346489
2019-11-07 11:00:00,3095.4,3094.8,3095.4,3094.63,1078696
2019-11-07 11:01:00,3094.79,3095.52,3095.52,3094.75,1105086
2019-11-07 11:02:00,3095.51,3095.04,3095.62,3094.85,790291
2019-11-07 11:03:00,3095.07,3095.11,3095.18,3094.78,614730
2019-11-07 11:04:00,3095.07,3094.68,3095.08,3094.54,1449090
2019-11-07 11:05:00,3094.66,3094.23,3094.67,3094.22,1299323
2019-11-07 11:06:00,3094.19,3094.18,3094.31,3093.89,1446564
2019-11-07 11:07:00,3094.28,3094.17,3094.41,3094.1,1701117
2019-11-07 11:08:00,3094.15,3094.18,3094.23,3094.05,1911087
2019-11-07 11:09:00,3094.17,3093.47,3094.22,3093.46,2034532
2019-11-07 11:10:00,3093.5,3093.66,3094.02,3093.5,1260535
2019-11-07 11:11:00,3093.7,3093.95,3093.96,3093.69,2268455
2019-11-07 11:12:00,3093.97,3094.43,3094.45,3093.91,1660253
2019-11-07 11:13:00,3094.42,3094.56,3094.68,3094.34,534386
2019-11-07 11:14:00,3094.58,3094.65,3094.7,3094.52,1490584
2019-11-07 11:15:00,3094.62,3094.17,3094.64,3094.13,2267219
2019-11-07 11:16:00,3094.17,3094.31,3094.38,3093.84,1250905
2019-11-07 11:17:00,3094.32,3094.5,3094.77,3094.32,1616600
2019-11-07 11:18:00,3094.51,3094.91,3094.94,3094.39,1145531
2019-11-07 11:19:00,3094.9,3094.69,3095.14,3094.67,368481
2019-11-07 11:20:00,3094.72,3094.76,3094.81,3094.5,1860959
2019-11-07 11:21:00,3094.74,3094.53,3094.74,3094.53,2340294
2019-11-07 11:22:00,3094.54,3093.81,3094.71,3093.81,1011463
2019-11-07 11:23:00,3093.83,3093.68,3093.83,3093.55,2054161
2019-11-07 11:24:00,3093.66,3093.53,3093.66,3093.33,919623
2019-11-07 11:25:00,3093.53,3093.06,3093.72,3093.04,1664048
2019-11-07 11:26:00,3093.05,3092.94,3093.11,3092.86,751830
2019-11-07 11:27:00,3092.97,3092.87,3093.12,3092.87,1771397
2019-11-07 11:28:00,3092.87,3093.25,3093.41,3092.83,659059
2019-11-07 11:29:00,3093.21,3093.11,3093.36,3093.04,2586009
2019-11-07 11:30:00,3093.11,3093.19,3093.53,3093.03,1544862
2019-11-07 11:31:00,3093.19,3092.91,3093.19,3092.8,853338
2019-11-07 11:32:00,3092.86,3093.49,3093.49,3092.81,1264576
2019-11-07 11:33:00,3093.48,3093.59,3093.69,3093.36,1584804
2019-11-07 11:34:00,3093.6,3093.85,3094.06,3093.6,1190206
2019-11-07 11:35:00,3093.86,3094.01,3094.14,3093.85,1328205
2019-11-07 11:36:00,3094.03,3093.7,3094.19,3093.69,1630236
2019-11-07 11:37:00,3093.69,3093.12,3093.69,3093.12,1849740
2019-11-07 11:38:00,3093.11,3093.08,3093.11,3092.68,1498952
2019-11-07 11:39:00,3093.08,3093.23,3093.28,3093.0,664453
2019-11-07 11:40:00,3093.25,3092.57,3093.28,3092.57,1578872
2019-11-07 11:41:00,3092.51,3092.16,3092.51,3091.93,1362948
2019-11-07 11:42:00,3092.14,3092.11,3092.15,3091.95,1515238
2019-11-07 11:43:00,3092.12,3092.26,3092.65,3092.08,1835945
2019-11-07 11:44:00,3092.25,3092.53,3092.7,3092.14,444898
2019-11-07 11:45:00,3092.6,3092.62,3092.84,3092.6,2106408
2019-11-07 11:46:00,3092.61,3092.0,3092.61,3092.0,1558909
2019-11-07 11:47:00,3092.0,3091.78,3092.01,3091.67,927677
2019-11-07 11:48:00,3091.77,3092.53,3092.53,3091.61,2465335
2019-11-07 11:49:00,3092.53,3092.47,3092.78,3092.44,1336133
2019-11-07 11:50:00,3092.46,3092.19,3092.46,3091.95,2357232
2019-11-07 11:51:00,3092.19,3091.98,3092.22,3091.94,1323195
2019-11-07 11:52:00,3091.98,3091.49,3092.14,3091.49,1328760
2019-11-07 11:53:00,3091.49,3091.13,3091.63,3091.12,1338875
2019-11-07 11:54:00,3091.15,3091.63,3091.69,3091.09,294852
2019-11-07 11:55:00,3091.65,3091.83,3091.86,3091.46,619908
2019-11-07 11:56:00,3091.82,3092.06,3092.31,3091.81,2326071
2019-11-07 11:57:00,3092.06,3092.04,3092.16,3091.94,2142730
2019-11-07 11:58:00,3091.99,3091.68,3091.99,3091.6,899416
2019-11-07 11:59:00,3091.83,3097.31,3097.7,3091.83,895017
2019-11-07 12:00:00,3097.58,3095.04,3097.77,3095.04,2644927
2019-11-07 12:01:00,3095.05,3094.8,3095.21,3094.75,1509602
2019-11-07 12:02:00,3094.82,3094.13,3095.08,3093.43,1890552
2019-11-07 12:03:00,3094.21,3094.52,3095.1,3094.21,1439919
2019-11-07 12:04:00,3094.54,3094.1,3094.58,3093.96,58804
2019-11-07 12:05:00,3094.03,3093.48,3094.03,3093.4,2476443
2019-11-07 12:06:00,3093.48,3093.17,3093.56,3093.16,1973072
2019-11-07 12:07:00,3093.17,3093.86,3093.9,3093.1,1259615
2019-11-07 12:08:00,3093.86,3094.09,3094.09,3093.52,1826647
2019-11-07 12:09:00,3094.11,3094.21,3094.37,3094.04,1481582
2019-11-07 12:10:00,3094.23,3094.65,3094.69,3094.11,1065980
2019-11-07 12:11:00,3094.66,3094.74,3094.98,3094.65,744543
2019-11-07 12:12:00,3094.75,3094.16,3094.76,3094.16,1286493
2019-11-07 12:13:00,3094.15,3094.12,3094.24,3093.9,2125179
2019-11-07 12:14:00,3094.14,3093.37,3094.22,3093.37,1577155
2019-11-07 12:15:00,3093.39,3092.51,3093.39,3092.49,1414968
2019-11-07 12:16:00,3092.5,3092.63,3092.95,3092.49,1457000
2019-11-07 12:17:00,3092.65,3092.75,3092.77,3092.35,492706
2019-11-07 12:18:00,3092.8,3092.59,3092.92,3092.57,2098105
2019-11-07 12:19:00,3092.59,3092.93,3093.14,3092.59,804943
2019-11-07 12:20:00,3092.93,3093.32,3093.42,3092.93,1391115
2019-11-07 12:21:00,3093.35,3093.42,3093.63,3093.32,2084186
2019-11-07 12:22:00,3093.43,3093.32,3093.62,3093.28,681507
2019-11-07 12:23:00,3093.34,3093.83,3093.83,3093.22,892168
2019-11-07 12:24:00,3093.81,3093.65,3093.89,3093.61,606292
2019-11-07 12:25:00,3093.65,3093.46,3093.81,3093.46,1622053
2019-11-07 12:26:00,3093.46,3093.28,3093.49,3093.28,1628527
2019-11-07 12:27:00,3093.2,3093.76,3093.76,3093.2,1072585
2019-11-07 12:28:00,3093.78,3094.02,3094.02,3093.23,831747
2019-11-07 12:29:00,3094.05,3094.61,3094.61,3094.05,1672420
2019-11-07 12:30:00,3094.61,3094.25,3094.61,3094.25,894162
2019-11-07 12:31:00,3094.22,3093.92,3094.22,3093.75,2490404
2019-11-07 12:32:00,3093.92,3093.68,3093.92,3093.54,2416763
2019-11-07 12:33:00,3093.72,3093.74,3094.04,3093.71,1021580
2019-11-07 12:34:00,3093.74,3094.01,3094.02,3093.7,2473220
2019-11-07 12:35:00,3094.03,3093.39,3094.08,3093.37,971784
2019-11-07 12:36:00,3093.4,3093.27,3093.4,3093.1,1234004
2019-11-07 12:37:00,3093.37,3093.34,3093.52,3093.31,214248
2019-11-07 12:38:00,3093.32,3093.95,3094.0,3093.31,1609776
2019-11-07 12:39:00,3093.97,3093.62,3093.97,3093.45,272958
2019-11-07 12:40:00,3093.62,3093.25,3093.76,3093.25,1789333
2019-11-07 12:41:00,3093.24,3093.63,3093.63,3093.09,928991
2019-11-07 12:42:00,3093.63,3093.25,3093.76,3093.25,1163142
2019-11-07 12:43:00,3093.17,3093.26,3093.41,3093.14,1487642
2019-11-07 12:44:00,3093.24,3092.68,3093.24,3092.68,1917292
2019-11-07 12:45:00,3092.67,3092.5,3092.71,3092.25,2314306
2019-11-07 12:46:00,3092.58,3093.15,3093.15,3092.58,2033598
2019-11-07 12:47:00,3093.11,3093.05,3093.28,3093.05,1774763
2019-11-07 12:48:00,3093.11,3093.52,3093.59,3092.97,413171
2019-11-07 12:49:00,3093.57,3093.99,3094.07,3093.56,1122588
2019-11-07 12:50:00,3094.0,3093.92,3094.08,3093.9,1602899
2019-11-07 12:51:00,3093.89,3094.08,3094.08,3093.57,1559858
2019-11-07 12:52:00,3094.1,3093.49,3094.1,3093.49,644014
2019-11-07 12:53:00,3093.52,3093.51,3093.55,3093.37,457697
2019-11-07 12:54:00,3093.5,3093.66,3093.75,3093.32,1073644
2019-11-07 12:55:00,3093.72,3093.81,3093.9,3093.57,1006405
2019-11-07 12:56:00,3093.9,3094.37,3094.37,3093.9,1961951
2019-11-07 12:57:00,3094.48,3094.5,3094.54,3094.32,920508
2019-11-07 12:58:00,3094.51,3094.92,3094.92,3094.51,231002
2019-11-07 12:59:00,3094.84,3094.4,3094.85,3094.39,2037411
2019-11-07 13:00:00,3094.42,3093.95,3094.52,3093.95,1259103
2019-11-07 13:01:00,3093.95,3093.93,3093.95,3093.67,1875818
2019-11-07 13:02:00,3093.93,3093.71,3094.12,3093.68,887140
2019-11-07 13:03:00,3093.69,3093.77,3094.11,3093.69,1067799
2019-11-07 13:04:00,3093.81,3093.36,3093.81,3093.36,1199456
2019-11-07 13:05:00,3093.35,3093.07,3093.37,3092.92,1392752
2019-11-07 13:06:00,3093.09,3092.62,3093.09,3092.57,1550962
2019-11-07 13:07:00,3092.62,3092.6,3092.79,3092.39,1913283
2019-11-07 13:08:00,3092.58,3092.26,3092.58,3092.21,1242888
2019-11-07 13:09:00,3092.27,3092.45,3092.46,3092.17,2429007
2019-11-07 13:10:00,3092.45,3092.4,3092.79,3092.4,1646922
2019-11-07 13:11:00,3092.39,3092.44,3092.45,3092.3,593726
2019-11-07 13:12:00,3092.47,3092.8,3092.83,3092.46,2120563
2019-11-07 13:13:00,3092.83,3092.58,3092.85,3092.38,1334853
2019-11-07 13:14:00,3092.6,3092.52,3092.73,3092.49,131661
2019-11-07 13:15:00,3092.52,3092.24,3092.54,3092.23,1153380
2019-11-07 13:16:00,3092.24,3092.5,3092.56,3092.03,1696541
2019-11-07 13:17:00,3092.47,3092.49,3092.61,3092.3,1323389
2019-11-07 13:18:00,3092.5,3092.59,3092.81,3092.49,2479731
2019-11-07 13:19:00,3092.6,3092.35,3092.6,3092.21,1136823
2019-11-07 13:20:00,3092.34,3092.23,3092.37,3092.08,1868107
2019-11-07 13:21:00,3092.22,3092.31,3092.39,3092.13,2042781
2019-11-07 13:22:00,3092.31,3092.2,3092.33,3092.07,1387753
2019-11-07 13:23:00,3092.22,3092.08,3092.28,3092.08,1514362
2019-11-07 13:24:00,3092.08,3091.83,3092.1,3091.72,541815
2019-11-07 13:25:00,3091.85,3091.94,3092.02,3091.82,1487137
2019-11-07 13:26:00,3091.93,3092.04,3092.04,3091.84,1946678
2019-11-07 13:27:00,3092.04,3092.17,3092.19,3091.94,1799405
2019-11-07 13:28:00,3092.17,3092.14,3092.23,3092.03,2245491
2019-11-07 13:29:00,3092.14,3092.22,3092.33,3092.13,2219997
2019-11-07 13:30:00,3092.22,3091.91,3092.27,3091.9,1232548
2019-11-07 13:31:00,3091.93,3091.43,3091.94,3091.4,1339405
2019-11-07 13:32:00,3091.44,3090.77,3091.44,3090.77,1374020
2019-11-07 13:33:00,3090.76,3091.15,3091.22,3090.67,771045
2019-11-07 13:34:00,3091.16,3091.02,3091.16,3090.95,1099363
2019-11-07 13:35:00,3091.06,3090.25,3091.13,3090.25,1739264
2019-11-07 13:36:00,3090.29,3090.08,3090.32,3090.03,2109583
2019-11-07 13:37:00,3090.1,3090.29,3090.32,3090.1,1485732
2019-11-07 13:38:00,3090.29,3090.61,3090.72,3090.27,1367454
2019-11-07 13:39:00,3090.6,3090.74,3090.75,3090.54,1094922
2019-11-07 13:40:00,3090.72,3090.94,3090.98,3090.72,1560013
2019-11-07 13:41:00,3090.94,3090.78,3090.94,3090.76,1933492
2019-11-07 13:42:00,3090.8,3091.13,3091.13,3090.75,1190652
2019-11-07 13:43:00,3091.16,3091.03,3091.17,3091.03,1229714
2019-11-07 13:44:00,3091.03,3090.88,3091.12,3090.86,1924884
2019-11-07 13:45:00,3090.86,3091.07,3091.1,3090.81,527065
2019-11-07 13:46:00,3091.08,3090.9,3091.11,3090.89,1934738
2019-11-07 13:47:00,3090.91,3090.39,3090.95,3090.33,1537219
2019-11-07 13:48:00,3090.41,3090.66,3090.86,3090.41,1208611
2019-11-07 13:49:00,3090.65,3090.79,3090.88,3090.64,1874523
2019-11-07 13:50:00,3090.78,3091.21,3091.25,3090.75,2528127
2019-11-07 13:51:00,3091.25,3091.35,3091.35,3091.19,1494981
2019-11-07 13:52:00,3091.34,3090.98,3091.34,3090.98,1432727
2019-11-07 13:53:00,3090.97,3091.02,3091.12,3090.92,1633151
2019-11-07 13:54:00,3091.02,3091.2,3091.34,3091.01,1097175
2019-11-07 13:55:00,3091.22,3091.35,3091.52,3091.22,1280794
2019-11-07 13:56:00,3091.39,3091.19,3091.44,3091.19,1635229
2019-11-07 13:57:00,3091.17,3090.88,3091.17,3090.85,1529462
2019-11-07 13:58:00,3090.88,3090.74,3090.94,3090.73,1266286
2019-11-07 13:59:00,3090.74,3090.9,3091.0,3090.72,2492451
2019-11-07 14:00:00,3090.97,3091.65,3091.65,3090.92,1239067
2019-11-07 14:01:00,3091.64,3092.02,3092.09,3091.64,2631143
2019-11-07 14:02:00,3092.03,3092.27,3092.36,3091.7,1259971
2019-11-07 14:03:00,3092.25,3092.26,3092.28,3091.84,1564972
2019-11-07 14:04:00,3092.27,3092.58,3092.79,3092.27,583800
2019-11-07 14:05:00,3092.57,3092.26,3092.57,3092.26,1929084
2019-11-07 14:06:00,3092.25,3092.4,3092.44,3092.1,1625575
2019-11-07 14:07:00,3092.39,3092.67,3092.7,3092.37,1539430
2019-11-07 14:08:00,3092.67,3092.2,3092.75,3092.2,1455547
2019-11-07 14:09:00,3092.19,3092.03,3092.19,3091.98,1388930
2019-11-07 14:10:00,3092.02,3092.06,3092.11,3091.95,2485050
2019-11-07 14:11:00,3092.06,3092.25,3092.31,3092.06,1315519
2019-11-07 14:12:00,3092.24,3092.38,3092.38,3092.2,1143665
2019-11-07 14:13:00,3092.38,3092.3,3092.41,3092.19,355183
2019-11-07 14:14:00,3092.3,3092.79,3092.79,3092.21,775454
2019-11-07 14:15:00,3092.79,3092.64,3092.79,3092.46,52097
2019-11-07 14:16:00,3092.67,3092.65,3092.67,3092.47,2310359
2019-11-07 14:17:00,3092.66,3092.82,3092.83,3092.57,1360596
2019-11-07 14:18:00,3092.84,3093.04,3093.1,3092.8,2036493
2019-11-07 14:19:00,3093.04,3093.11,3093.11,3092.91,2082091
2019-11-07 14:20:00,3093.19,3092.87,3093.21,3092.84,898657
2019-11-07 14:21:00,3092.87,3092.79,3092.95,3092.73,1311697
2019-11-07 14:22:00,3092.8,3093.22,3093.24,3092.77,2152387
2019-11-07 14:23:00,3093.22,3093.08,3093.22,3092.93,2208435
2019-11-07 14:24:00,3093.06,3092.88,3093.13,3092.86,1340552
2019-11-07 14:25:00,3092.85,3092.55,3092.85,3092.55,1579300
2019-11-07 14:26:00,3092.56,3092.51,3092.66,3092.5,1306557
2019-11-07 14:27:00,3092.52,3092.28,3092.54,3092.27,1307883
2019-11-07 14:28:00,3092.27,3092.19,3092.29,3092.13,1651973
2019-11-07 14:29:00,3092.19,3092.12,3092.19,3091.97,1992781
2019-11-07 14:30:00,3092.11,3091.7,3092.12,3091.7,2396387
2019-11-07 14:31:00,3091.69,3091.52,3091.75,3091.4,1419084
2019-11-07 14:32:00,3091.52,3091.83,3091.83,3091.5,1624500
2019-11-07 14:33:00,3091.83,3091.28,3091.84,3091.28,1690194
2019-11-07 14:34:00,3091.27,3090.75,3091.28,3090.7,355385
2019-11-07 14:35:00,3090.76,3091.12,3091.13,3090.74,2180897
2019-11-07 14:36:00,3091.1,3090.91,3091.2,3090.9,568995
2019-11-07 14:37:00,3090.92,3090.7,3091.0,3090.56,2484645
2019-11-07 14:38:00,3090.76,3090.81,3090.81,3090.66,2096353
2019-11-07 14:39:00,3090.87,3091.21,3091.21,3090.82,1351902
2019-11-07 14:40:00,3091.22,3091.49,3091.49,3091.22,1142115
2019-11-07 14:41:00,3091.5,3091.24,3091.5,3091.19,1789660
2019-11-07 14:42:00,3091.25,3091.24,3091.47,3091.24,1697933
2019-11-07 14:43:00,3091.25,3085.55,3091.42,3085.55,1078439
2019-11-07 14:44:00,3085.0,3086.33,3088.4,3083.23,1060872
2019-11-07 14:45:00,3086.2,3086.83,3087.74,3086.2,1383850
2019-11-07 14:46:00,3086.82,3087.51,3087.51,3086.43,252354
2019-11-07 14:47:00,3087.53,3086.79,3087.53,3086.79,2156928
2019-11-07 14:48:00,3086.75,3086.36,3086.75,3086.06,1416102
2019-11-07 14:49:00,3086.27,3086.02,3086.53,3085.77,1904087
2019-11-07 14:50:00,3085.97,3085.06,3085.97,3084.13,983558
2019-11-07 14:51:00,3085.19,3085.7,3085.82,3085.14,1591088
2019-11-07 14:52:00,3085.69,3087.07,3087.18,3085.69,901763
2019-11-07 14:53:00,3087.08,3087.1,3087.31,3087.0,1559613
2019-11-07 14:54:00,3087.17,3086.02,3087.17,3085.86,1691742
2019-11-07 14:55:00,3086.03,3086.73,3086.77,3086.03,1386557
2019-11-07 14:56:00,3086.75,3087.11,3087.23,3086.75,2648669
2019-11-07 14:57:00,3087.12,3086.7,3087.23,3086.66,1715245
2019-11-07 14:58:00,3086.77,3086.95,3087.04,3086.71,1708703
2019-11-07 14:59:00,3086.94,3087.19,3087.36,3086.9,1696562
2019-11-07 15:00:00,3087.2,3087.75,3087.94,3087.19,664079
2019-11-07 15:01:00,3087.74,3087.67,3087.92,3087.6,1420510
2019-11-07 15:02:00,3087.68,3088.38,3088.51,3087.68,813547
2019-11-07 15:03:00,3088.35,3088.5,3088.74,3088.25,1896214
2019-11-07 15:04:00,3088.53,3088.25,3088.74,3088.25,1412016
2019-11-07 15:05:00,3088.31,3087.61,3088.42,3087.55,939338
2019-11-07 15:06:00,3087.6,3087.86,3087.88,3087.44,2434149
2019-11-07 15:07:00,3087.86,3087.47,3087.86,3087.41,2273251
2019-11-07 15:08:00,3087.43,3087.33,3087.64,3087.17,2287454
2019-11-07 15:09:00,3087.34,3087.32,3087.69,3087.28,1113831
2019-11-07 15:10:00,3087.32,3086.75,3087.33,3086.5,338758
2019-11-07 15:11:00,3086.76,3086.83,3087.04,3086.66,1155591
2019-11-07 15:12:00,3086.8,3087.16,3087.23,3086.8,807202
2019-11-07 15:13:00,3087.17,3086.2,3087.17,3086.19,1465269
2019-11-07 15:14:00,3086.2,3085.56,3086.2,3085.56,1367799
2019-11-07 15:15:00,3085.5,3084.91,3085.5,3084.82,1057725
2019-11-07 15:16:00,3084.89,3084.3,3084.92,3084.2,2512434
2019-11-07 15:17:00,3084.35,3083.99,3084.42,3083.87,1432830
2019-11-07 15:18:00,3084.01,3082.83,3084.01,3082.46,2617927
2019-11-07 15:19:00,3082.79,3082.13,3083.06,3082.13,1859911
2019-11-07 15:20:00,3082.21,3080.79,3082.53,3080.68,486462
2019-11-07 15:21:00,3080.77,3081.94,3081.94,3080.28,2846089
2019-11-07 15:22:00,3081.88,3082.66,3082.9,3081.77,1376449
2019-11-07 15:23:00,3082.61,3082.89,3083.04,3082.57,1659723
2019-11-07 15:24:00,3082.89,3081.94,3082.98,3081.94,638770
2019-11-07 15:25:00,3081.92,3082.62,3082.62,3081.75,577643
2019-11-07 15:26:00,3082.75,3082.42,3082.8,3082.4,1059232
2019-11-07 15:27:00,3082.43,3083.19,3083.19,3082.41,845793
2019-11-07 15:28:00,3083.2,3083.33,3083.36,3083.09,2364015
2019-11-07 15:29:00,3083.32,3083.66,3083.71,3083.32,2157185
2019-11-07 15:30:00,3083.7,3084.02,3084.13,3083.68,1648791
2019-11-07 15:31:00,3084.03,3083.85,3084.35,3083.53,2074251
2019-11-07 15:32:00,3083.85,3083.94,3083.99,3083.63,2179766
2019-11-07 15:33:00,3083.93,3083.7,3083.93,3083.62,1548451
2019-11-07 15:34:00,3083.76,3084.52,3084.52,3083.73,1802455
2019-11-07 15:35:00,3084.5,3083.77,3084.72,3083.76,2256859
2019-11-07 15:36:00,3083.77,3082.85,3083.92,3082.79,1886524
2019-11-07 15:37:00,3082.86,3082.99,3083.12,3082.83,501994
2019-11-07 15:38:00,3083.01,3084.07,3084.09,3083.0,1157698
2019-11-07 15:39:00,3084.07,3083.15,3084.07,3083.15,925135
2019-11-07 15:40:00,3083.13,3082.59,3083.14,3082.59,1990011
2019-11-07 15:41:00,3082.6,3082.74,3082.88,3082.6,1456005
2019-11-07 15:42:00,3082.8,3082.78,3082.88,3082.47,1251283
2019-11-07 15:43:00,3082.76,3081.18,3082.76,3080.94,2072481
2019-11-07 15:44:00,3081.2,3080.39,3081.2,3080.23,869494
2019-11-07 15:45:00,3080.44,3081.37,3081.48,3080.44,2280156
2019-11-07 15:46:00,3081.36,3081.95,3081.95,3081.32,2342402
2019-11-07 15:47:00,3081.99,3082.71,3082.71,3081.99,1392542
2019-11-07 15:48:00,3082.71,3084.25,3084.25,3082.54,1623451
2019-11-07 15:49:00,3084.27,3084.67,3084.67,3084.17,1941064
2019-11-07 15:50:00,3084.72,3085.27,3085.43,3084.72,1488401
2019-11-07 15:51:00,3085.21,3084.25,3085.22,3084.25,1102132
2019-11-07 15:52:00,3084.16,3083.42,3084.18,3083.42,1423053
2019-11-07 15:53:00,3083.4,3082.33,3083.42,3082.33,1629197
2019-11-07 15:54:00,3082.13,3082.13,3082.26,3081.64,567273
2019-11-07 15:55:00,3082.37,3081.71,3082.65,3081.35,1722429
2019-11-07 15:56:00,3081.93,3083.08,3083.79,3081.93,1249816
2019-11-07 15:57:00,3083.04,3083.72,3083.78,3082.58,2314314
2019-11-07 15:58:00,3083.89,3084.24,3084.24,3083.62,492561
2019-11-07 15:59:00,3084.33,3085.52,3085.54,3083.91,1081499
2019-11-07 16:00:00,3085.41,3085.35,3085.44,3085.35,1883749
2019-11-08 09:30:00,3081.25,3081.47,3081.93,3081.07,1009601
2019-11-08 09:31:00,3081.39,3080.74,3081.49,3080.51,1546397
2019-11-08 09:32:00,3080.76,3079.72,3081.27,3079.72,769099
2019-11-08 09:33:00,3079.76,3079.88,3080.29,3079.66,2245575
2019-11-08 09:34:00,3080.07,3081.04,3081.17,3080.07,742875
2019-11-08 09:35:00,3080.72,3079.9,3080.98,3079.89,1361838
2019-11-08 09:36:00,3079.98,3081.36,3081.39,3079.89,1993659
2019-11-08 09:37:00,3081.53,3082.14,3082.41,3081.53,1334981
2019-11-08 09:38:00,3082.09,3083.31,3083.31,3081.93,1357931
2019-11-08 09:39:00,3083.42,3082.83,3083.48,3082.72,749731
2019-11-08 09:40:00,3082.81,3083.08,3083.13,3082.26,495923
2019-11-08 09:41:00,3083.12,3083.5,3083.54,3083.08,1506955
2019-11-08 09:42:00,3083.49,3083.81,3083.81,3083.28,846944
2019-11-08 09:43:00,3083.87,3083.96,3084.01,3083.76,365337
2019-11-08 09:44:00,3083.89,3083.98,3083.99,3083.57,927613
2019-11-08 09:45:00,3084.04,3084.3,3084.35,3083.78,1066675
2019-11-08 09:46:00,3084.29,3084.37,3084.39,3084.18,380792
2019-11-08 09:47:00,3084.36,3084.5,3085.03,3084.36,1253915
2019-11-08 09:48:00,3084.5,3084.62,3085.06,3084.3,1084132
2019-11-08 09:49:00,3084.59,3084.23,3084.88,3084.23,799728
2019-11-08 09:50:00,3084.56,3085.28,3085.38,3084.44,956157
2019-11-08 09:51:00,3085.27,3084.82,3085.27,3084.65,495830
2019-11-08 09:52:00,3084.84,3083.89,3084.94,3083.89,1743718
2019-11-08 09:53:00,3084.05,3083.43,3084.12,3083.42,97627
2019-11-08 09:54:00,3083.5,3083.36,3083.63,3083.27,1153817
2019-11-08 09:55:00,3083.35,3083.64,3083.81,3083.25,879680
2019-11-08 09:56:00,3083.67,3083.42,3083.67,3083.26,1865726
2019-11-08 09:57:00,3083.43,3083.62,3083.77,3083.29,1845100
2019-11-08 09:58:00,3083.63,3080.9,3083.71,3079.98,926449
2019-11-08 09:59:00,3080.54,3076.34,3080.54,3076.14,437859
2019-11-08 10:00:00,3076.44,3075.12,3077.87,3074.94,1074925
2019-11-08 10:01:00,3074.93,3077.98,3078.07,3073.58,630240
2019-11-08 10:02:00,3078.48,3079.12,3080.26,3078.48,1327356
2019-11-08 10:03:00,3078.98,3078.63,3079.05,3078.26,1119596
2019-11-08 10:04:00,3078.53,3078.3,3078.75,3078.29,980577
2019-11-08 10:05:00,3078.36,3078.75,3079.25,3078.07,1879568
2019-11-08 10:06:00,3078.66,3077.95,3078.66,3077.27,866178
2019-11-08 10:07:00,3077.93,3076.94,3077.93,3076.61,1094219
2019-11-08 10:08:00,3076.97,3076.79,3077.39,3076.36,369894
2019-11-08 10:09:00,3076.75,3078.53,3078.53,3076.73,1676363
2019-11-08 10:10:00,3078.49,3077.85,3078.64,3077.64,698691
2019-11-08 10:11:00,3077.95,3079.63,3079.93,3077.95,1642272
2019-11-08 10:12:00,3079.72,3080.62,3081.11,3079.72,965025
2019-11-08 10:13:00,3080.66,3080.19,3080.87,3080.16,918413
2019-11-08 10:14:00,3080.24,3080.55,3080.79,3080.24,1049429
2019-11-08 10:15:00,3080.72,3080.18,3080.92,3080.18,1613440
2019-11-08 10:16:00,3080.29,3080.35,3080.45,3080.12,2043482
2019-11-08 10:17:00,3080.33,3081.39,3081.43,3080.33,2009549
2019-11-08 10:18:00,3081.4,3081.45,3081.47,3081.12,1171607
2019-11-08 10:19:00,3081.44,3081.45,3081.6,3081.15,1111693
2019-11-08 10:20:00,3081.49,3081.36,3081.92,3081.34,666721
2019-11-08 10:21:00,3081.33,3080.51,3081.36,3080.51,1679019
2019-11-08 10:22:00,3080.49,3080.61,3080.9,3080.49,643325
2019-11-08 10:23:00,3080.6,3080.83,3080.83,3080.17,716273
2019-11-08 10:24:00,3080.84,3081.33,3081.57,3080.84,1461222
2019-11-08 10:25:00,3081.5,3082.54,3082.76,3081.5,1252218
2019-11-08 10:26:00,3082.62,3082.16,3082.81,3081.95,2146466
2019-11-08 10:27:00,3082.17,3081.92,3082.44,3081.92,1265115
2019-11-08 10:28:00,3081.92,3082.2,3082.31,3081.89,1905046
2019-11-08 10:29:00,3082.18,3082.64,3082.64,3082.0,1461496
2019-11-08 10:30:00,3082.77,3082.6,3082.84,3082.34,1634121
2019-11-08 10:31:00,3082.56,3082.56,3082.71,3082.43,1171067
2019-11-08 10:32:00,3082.59,3082.48,3083.11,3082.43,1011405
2019-11-08 10:33:00,3082.44,3082.71,3082.98,3082.27,924729
2019-11-08 10:34:00,3082.8,3082.89,3083.06,3082.78,695770
2019-11-08 10:35:00,3082.82,3082.34,3082.82,3082.08,971528
2019-11-08 10:36:00,3082.33,3082.08,3082.4,3081.7,1522181
2019-11-08 10:37:00,3082.1,3081.99,3082.25,3081.89,1522122
2019-11-08 10:38:00,3081.98,3082.76,3082.76,3081.83,1520181
2019-11-08 10:39:00,3082.83,3082.32,3082.95,3082.22,531730
2019-11-08 10:40:00,3082.35,3082.54,3082.73,3082.33,2211182
2019-11-08 10:41:00,3082.56,3082.33,3082.63,3082.02,2072433
2019-11-08 10:42:00,3082.43,3083.12,3083.2,3082.38,953940
2019-11-08 10:43:00,3083.42,3083.82,3083.82,3083.08,1613621
2019-11-08 10:44:00,3084.25,3084.07,3084.45,3084.02,1348589
2019-11-08 10:45:00,3084.12,3084.49,3084.66,3084.12,2249612
2019-11-08 10:46:00,3084.48,3083.74,3084.48,3083.66,1254583
2019-11-08 10:47:00,3083.73,3083.34,3083.75,3083.22,942571
2019-11-08 10:48:00,3083.46,3083.22,3083.61,3083.15,659598
2019-11-08 10:49:00,3083.22,3083.4,3083.56,3083.22,196198
2019-11-08 10:50:00,3083.37,3082.81,3083.67,3082.78,1733736
2019-11-08 10:51:00,3082.79,3083.12,3083.21,3082.75,811754
2019-11-08 10:52:00,3083.09,3083.44,3083.5,3082.95,1552750
2019-11-08 10:53:00,3083.46,3083.53,3083.93,3083.46,1743797
2019-11-08 10:54:00,3083.53,3083.95,3083.95,3083.51,1386591
2019-11-08 10:55:00,3083.99,3083.39,3084.06,3083.39,1951091
2019-11-08 10:56:00,3083.39,3083.27,3083.4,3083.1,1868831
2019-11-08 10:57:00,3083.26,3083.1,3083.5,3083.1,1316420
2019-11-08 10:58:00,3083.11,3083.53,3083.55,3083.06,1687128
2019-11-08 10:59:00,3083.54,3083.87,3083.91,3083.25,1759224
2019-11-08 11:00:00,3083.97,3083.89,3084.26,3083.29,585267
2019-11-08 11:01:00,3083.88,3084.88,3085.1,3083.88,1456015
2019-11-08 11:02:00,3085.0,3084.79,3085.26,3084.51,1299638
2019-11-08 11:03:00,3084.78,3085.36,3085.36,3084.78,1032009
2019-11-08 11:04:00,3085.37,3085.05,3085.45,3085.01,159339
2019-11-08 11:05:00,3085.02,3084.34,3085.02,3084.31,388624
2019-11-08 11:06:00,3084.3,3083.64,3084.3,3083.53,1687203
2019-11-08 11:07:00,3083.65,3083.73,3083.95,3083.64,458037
2019-11-08 11:08:00,3083.73,3083.51,3084.03,3083.51,1077555
2019-11-08 11:09:00,3083.5,3083.77,3083.79,3083.46,1266311
2019-11-08 11:10:00,3083.76,3084.68,3084.68,3083.75,851233
2019-11-08 11:11:00,3084.71,3084.39,3084.89,3084.18,1352377
2019-11-08 11:12:00,3084.38,3083.8,3084.38,3083.77,720577
2019-11-08 11:13:00,3083.78,3084.1,3084.11,3083.66,1101295
2019-11-08 11:14:00,3084.1,3083.86,3084.1,3083.75,1212803
2019-11-08 11:15:00,3083.84,3083.67,3083.9,3083.67,1661469
2019-11-08 11:16:00,3083.64,3082.81,3083.64,3082.79,1669457
2019-11-08 11:17:00,3082.79,3082.93,3082.93,3082.58,1238868
2019-11-08 11:18:00,3082.94,3082.81,3082.95,3082.6,1588092
2019-11-08 11:19:00,3082.8,3082.06,3082.8,3081.83,2028302
2019-11-08 11:20:00,3082.12,3081.92,3082.48,3081.73,2193751
2019-11-08 11:21:00,3081.91,3081.87,3082.29,3081.71,375427
2019-11-08 11:22:00,3081.82,3081.72,3082.11,3081.69,747593
2019-11-08 11:23:00,3081.71,3080.98,3081.71,3080.98,1130834
2019-11-08 11:24:00,3080.94,3081.04,3081.23,3080.94,2091342
2019-11-08 11:25:00,3081.07,3080.67,3081.48,3080.67,474082
2019-11-08 11:26:00,3080.63,3080.72,3081.15,3080.59,605570
2019-11-08 11:27:00,3080.66,3081.04,3081.06,3080.61,453574
2019-11-08 11:28:00,3081.03,3081.03,3081.05,3080.75,1968091
2019-11-08 11:29:00,3081.03,3081.35,3081.4,3081.03,1023488
2019-11-08 11:30:00,3081.29,3081.8,3081.81,3081.15,920851
2019-11-08 11:31:00,3081.82,3082.14,3082.18,3081.8,902268
2019-11-08 11:32:00,3082.14,3082.62,3082.69,3082.14,1911076
2019-11-08 11:33:00,3082.63,3082.54,3082.63,3082.3,1284026
2019-11-08 11:34:00,3082.61,3083.34,3083.36,3082.61,1289619
2019-11-08 11:35:00,3083.21,3083.27,3083.38,3083.1,1980247
2019-11-08 11:36:00,3083.28,3083.31,3083.4,3083.18,625358
2019-11-08 11:37:00,3083.31,3083.73,3083.73,3083.27,1114924
2019-11-08 11:38:00,3083.75,3084.25,3084.26,3083.75,1715997
2019-11-08 11:39:00,3084.25,3084.53,3084.53,3084.22,1164438
2019-11-08 11:40:00,3084.54,3084.6,3084.6,3084.37,802573
2019-11-08 11:41:00,3084.53,3084.2,3084.83,3084.2,1227334
2019-11-08 11:42:00,3084.19,3084.5,3084.7,3084.19,1525568
2019-11-08 11:43:00,3084.44,3084.15,3084.44,3084.15,242207
2019-11-08 11:44:00,3084.15,3084.64,3084.76,3084.13,1453574
2019-11-08 11:45:00,3084.61,3084.85,3084.88,3084.61,569269
2019-11-08 11:46:00,3084.86,3085.32,3085.32,3084.85,1248399
2019-11-08 11:47:00,3085.41,3085.4,3085.66,3085.4,859412
2019-11-08 11:48:00,3085.42,3085.52,3085.64,3085.42,891974
2019-11-08 11:49:00,3085.51,3085.33,3085.53,3085.29,1525821
2019-11-08 11:50:00,3085.32,3085.11,3085.47,3085.05,1203564
2019-11-08 11:51:00,3085.09,3084.81,3085.09,3084.78,308307
2019-11-08 11:52:00,3084.83,3085.14,3085.14,3084.8,858759
2019-11-08 11:53:00,3085.16,3085.63,3085.64,3085.16,1169790
2019-11-08 11:54:00,3085.64,3085.25,3085.67,3085.25,892206
2019-11-08 11:55:00,3085.27,3085.09,3085.56,3085.03,1697412
2019-11-08 11:56:00,3085.15,3085.49,3085.49,3085.0,1030727
2019-11-08 11:57:00,3085.5,3085.67,3085.76,3085.47,1052958
2019-11-08 11:58:00,3085.68,3085.48,3085.71,3085.32,741936
2019-11-08 11:59:00,3085.51,3085.58,3085.64,3085.4,913945
2019-11-08 12:00:00,3085.58,3085.77,3085.84,3085.58,598979
2019-11-08 12:01:00,3085.72,3085.78,3085.93,3085.54,976441
2019-11-08 12:02:00,3085.79,3085.48,3085.79,3085.37,1502381
2019-11-08 12:03:00,3085.46,3085.63,3085.71,3085.46,1699191
2019-11-08 12:04:00,3085.62,3085.79,3085.9,3085.59,1967111
2019-11-08 12:05:00,3085.78,3086.03,3086.05,3085.78,845773
2019-11-08 12:06:00,3086.05,3085.32,3086.05,3085.32,1678693
2019-11-08 12:07:00,3085.33,3085.67,3085.67,3085.31,1180283
2019-11-08 12:08:00,3085.69,3086.09,3086.11,3085.69,743619
2019-11-08 12:09:00,3086.06,3086.28,3086.4,3086.06,1079520
2019-11-08 12:10:00,3086.33,3086.63,3086.89,3086.33,334601
2019-11-08 12:11:00,3086.59,3086.32,3086.63,3086.3,1830908
2019-11-08 12:12:00,3086.44,3086.7,3086.79,3086.44,1617001
2019-11-08 12:13:00,3086.69,3086.85,3086.97,3086.69,1205746
2019-11-08 12:14:00,3086.84,3086.9,3086.9,3086.6,1341923
2019-11-08 12:15:00,3086.91,3086.1,3086.92,3086.1,1932311
2019-11-08 12:16:00,3086.04,3086.07,3086.12,3085.85,1422485
2019-11-08 12:17:00,3086.08,3085.93,3086.08,3085.88,1342011
2019-11-08 12:18:00,3085.97,3086.34,3086.34,3085.91,1298874
2019-11-08 12:19:00,3086.32,3086.44,3086.44,3086.22,1123344
2019-11-08 12:20:00,3086.44,3086.43,3086.5,3086.28,1955491
2019-11-08 12:21:00,3086.45,3086.27,3086.48,3086.18,1263328
2019-11-08 12:22:00,3086.27,3086.11,3086.28,3086.11,592100
2019-11-08 12:23:00,3086.12,3085.63,3086.12,3085.61,1345884
2019-11-08 12:24:00,3085.62,3085.91,3085.95,3085.62,1594641
2019-11-08 12:25:00,3085.91,3085.88,3086.0,3085.82,1099431
2019-11-08 12:26:00,3085.86,3086.15,3086.15,3085.86,910619
2019-11-08 12:27:00,3086.15,3086.19,3086.3,3086.1,292755
2019-11-08 12:28:00,3086.18,3085.97,3086.25,3085.95,1337527
2019-11-08 12:29:00,3085.97,3086.17,3086.19,3085.97,1241898
2019-11-08 12:30:00,3086.15,3086.0,3086.2,3085.93,1344945
2019-11-08 12:31:00,3086.01,3086.47,3086.51,3085.99,744625
2019-11-08 12:32:00,3086.47,3086.93,3086.93,3086.41,1312236
2019-11-08 12:33:00,3086.92,3087.2,3087.24,3086.9,1098693
2019-11-08 12:34:00,3087.2,3086.6,3087.21,3086.6,1110704
2019-11-08 12:35:00,3086.58,3086.77,3086.79,3086.32,1306434
2019-11-08 12:36:00,3086.78,3086.74,3086.81,3086.48,1417646
2019-11-08 12:37:00,3086.73,3086.61,3086.77,3086.55,905540
2019-11-08 12:38:00,3086.6,3086.92,3086.98,3086.6,1398872
2019-11-08 12:39:00,3086.92,3087.16,3087.16,3086.92,1551970
2019-11-08 12:40:00,3087.14,3087.05,3087.22,3086.94,1569150
2019-11-08 12:41:00,3087.06,3086.79,3087.06,3086.78,441922
2019-11-08 12:42:00,3086.76,3086.84,3086.85,3086.41,1575555
2019-11-08 12:43:00,3086.85,3086.46,3086.85,3086.43,744933
2019-11-08 12:44:00,3086.46,3086.18,3086.5,3086.08,1589051
2019-11-08 12:45:00,3086.18,3086.03,3086.39,3086.02,1342018
2019-11-08 12:46:00,3086.02,3086.11,3086.22,3086.02,1499547
2019-11-08 12:47:00,3086.09,3085.72,3086.1,3085.69,2133079
2019-11-08 12:48:00,3085.73,3085.42,3085.76,3085.4,1861486
2019-11-08 12:49:00,3085.41,3085.23,3085.48,3085.23,665020
2019-11-08 12:50:00,3085.22,3085.35,3085.35,3085.0,1092285
2019-11-08 12:51:00,3085.35,3085.41,3085.43,3085.19,1523684
2019-11-08 12:52:00,3085.42,3085.45,3085.49,3085.21,1544088
2019-11-08 12:53:00,3085.43,3085.76,3085.78,3085.42,1602736
2019-11-08 12:54:00,3085.74,3085.85,3085.86,3085.73,1428431
2019-11-08 12:55:00,3085.84,3085.87,3085.9,3085.6,393798
2019-11-08 12:56:00,3085.87,3085.67,3085.87,3085.66,216234
2019-11-08 12:57:00,3085.68,3085.92,3085.93,3085.62,96201
2019-11-08 12:58:00,3085.92,3086.07,3086.12,3085.92,1254500
2019-11-08 12:59:00,3086.06,3086.1,3086.16,3085.97,1345000
2019-11-08 13:00:00,3086.11,3086.31,3086.32,3086.05,643058
2019-11-08 13:01:00,3086.3,3086.23,3086.34,3086.23,565554
2019-11-08 13:02:00,3086.22,3085.97,3086.22,3085.84,91327
2019-11-08 13:03:00,3085.97,3086.17,3086.18,3085.95,754386
2019-11-08 13:04:00,3086.14,3086.23,3086.29,3086.06,1583614
2019-11-08 13:05:00,3086.22,3086.21,3086.37,3086.11,429278
2019-11-08 13:06:00,3086.21,3086.25,3086.25,3086.02,959647
2019-11-08 13:07:00,3086.27,3086.15,3086.35,3086.15,1317288
2019-11-08 13:08:00,3086.17,3085.75,3086.17,3085.75,1272826
2019-11-08 13:09:00,3085.73,3085.17,3085.73,3085.17,751808
2019-11-08 13:10:00,3085.16,3085.38,3085.51,3085.13,1372236
2019-11-08 13:11:00,3085.39,3085.44,3085.49,3085.35,1529469
2019-11-08 13:12:00,3085.46,3085.66,3085.8,3085.46,1523429
2019-11-08 13:13:00,3085.7,3085.78,3085.88,3085.7,1080249
2019-11-08 13:14:00,3085.79,3085.7,3085.96,3085.7,1270237
2019-11-08 13:15:00,3085.71,3085.91,3085.91,3085.71,1444789
2019-11-08 13:16:00,3085.92,3085.89,3086.07,3085.88,1026032
2019-11-08 13:17:00,3085.89,3086.02,3086.02,3085.79,1400851
2019-11-08 13:18:00,3086.03,3085.95,3086.19,3085.95,1838155
2019-11-08 13:19:00,3085.86,3085.5,3085.89,3085.5,1212040
2019-11-08 13:20:00,3085.5,3085.62,3085.63,3085.21,1127168
2019-11-08 13:21:00,3085.62,3085.38,3085.65,3085.28,1466574
2019-11-08 13:22:00,3085.44,3085.15,3085.48,3085.15,870108
2019-11-08 13:23:00,3085.15,3085.47,3085.48,3085.11,1312144
2019-11-08 13:24:00,3085.45,3084.85,3085.45,3084.85,440583
2019-11-08 13:25:00,3084.83,3084.48,3084.83,3084.37,847193
2019-11-08 13:26:00,3084.49,3084.48,3084.6,3084.48,760484
2019-11-08 13:27:00,3084.5,3084.7,3084.78,3084.46,1839233
2019-11-08 13:28:00,3084.72,3084.91,3085.04,3084.7,1038730
2019-11-08 13:29:00,3084.91,3085.29,3085.3,3084.91,901274
2019-11-08 13:30:00,3085.3,3085.24,3085.5,3085.08,789404
2019-11-08 13:31:00,3085.21,3085.22,3085.23,3085.09,1389575
2019-11-08 13:32:00,3085.22,3085.09,3085.24,3085.05,1152769
2019-11-08 13:33:00,3085.08,3085.11,3085.15,3085.03,658041
2019-11-08 13:34:00,3085.11,3085.12,3085.13,3084.89,1174126
2019-11-08 13:35:00,3085.13,3085.4,3085.4,3085.08,671446
2019-11-08 13:36:00,3085.41,3084.89,3085.46,3084.89,1140139
2019-11-08 13:37:00,3084.89,3084.82,3084.96,3084.65,1247305
2019-11-08 13:38:00,3084.83,3085.03,3085.03,3084.75,934982
2019-11-08 13:39:00,3085.05,3085.13,3085.18,3085.04,1592924
2019-11-08 13:40:00,3085.14,3085.47,3085.51,3085.1,991251
2019-11-08 13:41:00,3085.49,3085.78,3085.85,3085.49,512410
2019-11-08 13:42:00,3085.78,3085.48,3085.78,3085.48,1139149
2019-11-08 13:43:00,3085.41,3085.37,3085.46,3085.18,1254995
2019-11-08 13:44:00,3085.49,3085.31,3085.49,3085.19,420316
2019-11-08 13:45:00,3085.31,3085.19,3085.31,3084.99,455298
2019-11-08 13:46:00,3085.2,3085.21,3085.4,3085.13,969931
2019-11-08 13:47:00,3085.15,3085.4,3085.4,3085.1,981798
2019-11-08 13:48:00,3085.39,3085.21,3085.41,3085.19,192706
2019-11-08 13:49:00,3085.21,3085.19,3085.45,3085.19,2198563
2019-11-08 13:50:00,3085.18,3084.83,3085.19,3084.83,342311
2019-11-08 13:51:00,3084.84,3084.6,3084.85,3084.6,1909552
2019-11-08 13:52:00,3084.58,3084.44,3084.65,3084.44,1064433
2019-11-08 13:53:00,3084.44,3084.5,3084.55,3084.25,864523
2019-11-08 13:54:00,3084.49,3084.51,3084.54,3084.35,492222
2019-11-08 13:55:00,3084.54,3084.88,3084.92,3084.54,1782766
2019-11-08 13:56:00,3084.87,3084.74,3084.91,3084.74,1057108
2019-11-08 13:57:00,3084.73,3084.64,3084.73,3084.54,965205
2019-11-08 13:58:00,3084.56,3084.17,3084.56,3084.14,612031
2019-11-08 13:59:00,3084.16,3084.01,3084.34,3083.99,1575583
2019-11-08 14:00:00,3084.03,3084.41,3084.51,3084.03,1483062
2019-11-08 14:01:00,3084.44,3084.42,3084.51,3084.28,1261323
2019-11-08 14:02:00,3084.43,3084.23,3084.43,3084.15,1565248
2019-11-08 14:03:00,3084.23,3083.77,3084.23,3083.77,1054582
2019-11-08 14:04:00,3083.77,3083.99,3084.01,3083.77,1297868
2019-11-08 14:05:00,3084.01,3084.4,3084.4,3083.95,1565480
2019-11-08 14:06:00,3084.41,3084.37,3084.56,3084.29,1932938
2019-11-08 14:07:00,3084.36,3084.35,3084.36,3084.19,1907784
2019-11-08 14:08:00,3084.35,3084.46,3084.5,3084.35,740742
2019-11-08 14:09:00,3084.46,3084.69,3084.69,3084.46,1592586
2019-11-08 14:10:00,3084.72,3084.62,3084.72,3084.54,1175447
2019-11-08 14:11:00,3084.62,3084.48,3084.67,3084.46,1313861
2019-11-08 14:12:00,3084.45,3084.03,3084.45,3083.86,422140
2019-11-08 14:13:00,3084.1,3084.12,3084.23,3084.03,1606484
2019-11-08 14:14:00,3084.13,3084.37,3084.39,3084.13,1608345
2019-11-08 14:15:00,3084.37,3083.95,3084.37,3083.93,1678100
2019-11-08 14:16:00,3083.94,3083.96,3084.03,3083.87,1559787
2019-11-08 14:17:00,3084.01,3084.03,3084.21,3084.0,1002750
2019-11-08 14:18:00,3084.01,3083.72,3084.04,3083.69,1502089
2019-11-08 14:19:00,3083.74,3083.97,3084.01,3083.62,1381339
2019-11-08 14:20:00,3083.96,3083.96,3084.1,3083.84,1905975
2019-11-08 14:21:00,3083.94,3083.94,3084.01,3083.85,1153688
2019-11-08 14:22:00,3083.96,3083.79,3084.07,3083.73,924239
2019-11-08 14:23:00,3083.76,3083.76,3083.8,3083.71,1808098
2019-11-08 14:24:00,3083.74,3083.43,3083.83,3083.41,1115808
2019-11-08 14:25:00,3083.44,3083.23,3083.46,3083.2,2058433
2019-11-08 14:26:00,3083.22,3083.57,3083.58,3083.15,1323663
2019-11-08 14:27:00,3083.6,3083.89,3083.94,3083.6,850279
2019-11-08 14:28:00,3083.87,3083.43,3083.91,3083.43,1713336
2019-11-08 14:29:00,3083.43,3083.57,3083.78,3083.4,1089917
2019-11-08 14:30:00,3083.43,3083.71,3083.71,3083.41,1525962
2019-11-08 14:31:00,3083.72,3083.84,3083.84,3083.56,1142439
2019-11-08 14:32:00,3083.83,3083.95,3083.98,3083.83,849179
2019-11-08 14:33:00,3083.94,3084.26,3084.29,3083.92,865755
2019-11-08 14:34:00,3084.26,3084.31,3084.46,3084.26,1584452
2019-11-08 14:35:00,3084.31,3084.15,3084.49,3084.14,1577421
2019-11-08 14:36:00,3084.11,3084.07,3084.15,3083.98,554354
2019-11-08 14:37:00,3084.07,3084.22,3084.22,3083.99,82586
2019-11-08 14:38:00,3084.2,3084.23,3084.31,3084.2,1320653
2019-11-08 14:39:00,3084.2,3084.17,3084.21,3084.14,1270660
2019-11-08 14:40:00,3084.18,3084.41,3084.47,3084.18,892963
2019-11-08 14:41:00,3084.42,3084.61,3084.66,3084.42,811393
2019-11-08 14:42:00,3084.63,3084.64,3084.67,3084.52,1368737
2019-11-08 14:43:00,3084.63,3084.79,3084.82,3084.59,364697
2019-11-08 14:44:00,3084.77,3085.13,3085.13,3084.77,583646
2019-11-08 14:45:00,3085.14,3084.96,3085.16,3084.91,1285210
2019-11-08 14:46:00,3084.95,3084.82,3084.96,3084.79,560762
2019-11-08 14:47:00,3084.82,3084.54,3084.84,3084.54,1120110
2019-11-08 14:48:00,3084.55,3084.46,3084.56,3084.42,1810815
2019-11-08 14:49:00,3084.45,3084.15,3084.47,3084.15,1330017
2019-11-08 14:50:00,3084.16,3084.08,3084.24,3084.08,820876
2019-11-08 14:51:00,3084.08,3084.2,3084.22,3084.04,937642
2019-11-08 14:52:00,3084.2,3084.21,3084.29,3084.13,1250092
2019-11-08 14:53:00,3084.22,3084.33,3084.33,3084.02,1562739
2019-11-08 14:54:00,3084.35,3084.33,3084.47,3084.31,558122
2019-11-08 14:55:00,3084.35,3084.78,3084.79,3084.35,1694628
2019-11-08 14:56:00,3084.77,3084.95,3084.98,3084.71,867099
2019-11-08 14:57:00,3084.97,3084.91,3084.97,3084.75,1826949
2019-11-08 14:58:00,3084.88,3084.8,3084.95,3084.73,1226010
2019-11-08 14:59:00,3084.79,3085.18,3085.18,3084.78,1627594
2019-11-08 15:00:00,3085.18,3085.32,3085.35,3085.1,1610111
2019-11-08 15:01:00,3085.32,3085.4,3085.42,3085.27,1030798
2019-11-08 15:02:00,3085.4,3085.64,3085.76,3085.4,774887
2019-11-08 15:03:00,3085.64,3085.59,3085.68,3085.45,1684259
2019-11-08 15:04:00,3085.6,3085.82,3085.88,3085.57,1488477
2019-11-08 15:05:00,3085.81,3085.8,3085.86,3085.79,1532965
2019-11-08 15:06:00,3085.79,3085.69,3085.88,3085.61,783641
2019-11-08 15:07:00,3085.68,3085.75,3085.92,3085.67,1320055
2019-11-08 15:08:00,3085.83,3085.53,3085.85,3085.49,1050124
2019-11-08 15:09:00,3085.53,3085.99,3085.99,3085.45,976071
2019-11-08 15:10:00,3085.99,3086.22,3086.25,3085.99,1657473
2019-11-08 15:11:00,3086.21,3086.23,3086.35,3086.18,741551
2019-11-08 15:12:00,3086.24,3086.91,3086.91,3086.24,464910
2019-11-08 15:13:00,3086.92,3087.2,3087.2,3086.9,548410
2019-11-08 15:14:00,3087.32,3087.31,3087.49,3087.14,1607042
2019-11-08 15:15:00,3087.36,3087.02,3087.42,3087.02,458513
2019-11-08 15:16:00,3087.01,3087.12,3087.25,3086.95,609874
2019-11-08 15:17:00,3087.11,3087.59,3087.59,3087.06,958965
2019-11-08 15:18:00,3087.59,3087.47,3087.68,3087.46,1158775
2019-11-08 15:19:00,3087.46,3087.85,3087.85,3087.44,1053239
2019-11-08 15:20:00,3087.86,3087.69,3087.95,3087.69,1071521
2019-11-08 15:21:00,3087.69,3088.46,3088.48,3087.67,1578293
2019-11-08 15:22:00,3088.45,3088.58,3088.69,3088.44,1119570
2019-11-08 15:23:00,3088.55,3088.41,3088.62,3088.36,1496853
2019-11-08 15:24:00,3088.4,3088.59,3088.67,3088.38,506003
2019-11-08 15:25:00,3088.6,3088.4,3088.7,3088.35,1257862
2019-11-08 15:26:00,3088.4,3088.45,3088.45,3088.28,1146426
2019-11-08 15:27:00,3088.43,3088.12,3088.49,3088.12,543545
2019-11-08 15:28:00,3088.1,3088.34,3088.34,3088.1,457876
2019-11-08 15:29:00,3088.34,3088.51,3088.51,3088.34,1582734
2019-11-08 15:30:00,3088.55,3088.26,3088.59,3088.1,624530
2019-11-08 15:31:00,3088.27,3089.54,3089.55,3088.25,1089049
2019-11-08 15:32:00,3089.48,3089.44,3089.54,3089.32,1236039
2019-11-08 15:33:00,3089.47,3089.48,3089.6,3089.31,1311671
2019-11-08 15:34:00,3089.49,3088.68,3089.5,3088.68,600606
2019-11-08 15:35:00,3088.7,3089.03,3089.14,3088.7,1579812
2019-11-08 15:36:00,3089.04,3089.02,3089.29,3089.02,217263
2019-11-08 15:37:00,3089.01,3089.08,3089.11,3088.84,1585991
2019-11-08 15:38:00,3089.07,3089.3,3089.3,3089.01,1078958
2019-11-08 15:39:00,3089.3,3089.41,3089.66,3089.3,1179599
2019-11-08 15:40:00,3089.4,3089.47,3089.59,3089.22,2073800
2019-11-08 15:41:00,3089.43,3089.0,3089.49,3088.96,1381071
2019-11-08 15:42:00,3088.99,3088.93,3088.99,3088.72,1372933
2019-11-08 15:43:00,3089.07,3089.22,3089.3,3089.05,1886726
2019-11-08 15:44:00,3089.25,3089.47,3089.61,3089.25,1471421
2019-11-08 15:45:00,3089.43,3089.24,3089.43,3088.83,1467802
2019-11-08 15:46:00,3089.26,3088.95,3089.54,3088.95,1287943
2019-11-08 15:47:00,3088.93,3088.58,3089.19,3088.58,1259465
2019-11-08 15:48:00,3088.57,3088.18,3088.58,3088.1,1934241
2019-11-08 15:49:00,3088.17,3088.46,3088.48,3087.77,1357786
2019-11-08 15:50:00,3089.31,3089.27,3089.89,3089.27,1910441
2019-11-08 15:51:00,3089.2,3088.87,3089.23,3088.59,821446
2019-11-08 15:52:00,3089.09,3089.6,3089.6,3088.68,1831604
2019-11-08 15:53:00,3089.62,3089.69,3089.86,3089.4,1571498
2019-11-08 15:54:00,3090.14,3090.65,3090.76,3090.01,2156735
2019-11-08 15:55:00,3090.8,3090.7,3090.8,3089.99,1854184
2019-11-08 15:56:00,3090.69,3090.74,3090.76,3090.05,410675
2019-11-08 15:57:00,3090.73,3090.7,3091.02,3090.52,618552
2019-11-08 15:58:00,3090.73,3091.04,3091.13,3090.58,1231718
2019-11-08 15:59:00,3091.16,3092.91,3092.91,3090.96,1023516
