Date,Open,High,Low,Close,Adj Close,Volume,UpperB,LowerB,PercentB
2011-07-01,132.08999599999999,134.100006,131.779999,133.919998,117.16165900000001,202385700,132.3739267196934,125.31607258030661,1.2190568478425539
2011-07-05,133.779999,134.080002,133.389999,133.809998,117.06543700000002,165936000,133.25429658204953,124.91270321795051,1.0666181380097153
2011-07-06,133.490005,134.139999,133.110001,133.970001,117.20542900000001,143331600,134.0409145374349,124.62708466256514,0.9924670895504275
2011-07-07,135.16000400000001,135.699997,134.880005,135.360001,118.42147800000001,170464200,135.0770136969637,124.28498580303634,1.0262218839515378
2011-07-08,133.830002,135.360001,133.389999,134.399994,117.58161899999999,194100500,135.7211098925789,124.14088960742113,0.8859161691188057
2011-07-11,132.75,133.179993,131.66000400000001,131.970001,115.455704,195918600,135.89890982996442,124.40008997003561,0.658320690486167
2011-07-12,131.690002,132.779999,131.360001,131.399994,114.957031,214675700,135.9893777788433,124.67962172115674,0.5942101884925997
2011-07-13,132.08999599999999,133.220001,131.520004,131.83999599999999,115.341949,204062600,136.1324731888082,124.78852521119182,0.6216064109886577
2011-07-14,132.169998,132.779999,130.679993,130.929993,114.54586,226111800,136.09334719306906,125.21865080693101,0.5251955539971873
2011-07-15,131.66000400000001,131.869995,130.770004,131.690002,115.210724,220012800,136.0923832089016,125.65861469109849,0.5780641288533636
2011-07-18,131.080002,131.279999,129.630005,130.610001,114.26588400000001,196872100,135.95415030231615,126.15284739768394,0.45475113315899734
2011-07-19,131.33999599999999,132.889999,131.309998,132.729996,116.120598,166554900,135.99266347859893,126.61733412140117,0.6519943615533818
2011-07-20,133.070007,133.149994,132.419998,132.649994,116.050583,137145400,136.10426882922326,126.82572847077684,0.6277135523715454
2011-07-21,133.399994,134.820007,132.669998,134.490005,117.66033200000001,245246300,136.38720761206548,127.12479038793458,0.7951719765848163
2011-07-22,134.520004,134.720001,133.759995,134.580002,117.73908999999999,126019400,136.5641497206708,127.57584817932934,0.7792522078231626
2011-07-25,133.300003,134.490005,133.16000400000001,133.830002,117.082932,136653800,136.22967583396726,128.61232246603285,0.6849727565391952
2011-07-26,133.740005,133.96000700000002,133.029999,133.330002,116.645531,131278200,135.87592423498452,129.50507406501563,0.60037951496873
2011-07-27,132.58999599999999,132.630005,130.429993,130.600006,114.25714099999999,249020100,135.7497945977982,129.73020420220195,0.14449518000998562
2011-07-28,130.600006,131.770004,130.009995,130.220001,113.92466,207939900,135.8027380472533,129.62726075274682,0.09598290447613791
2011-07-29,128.91000400000001,130.550003,127.970001,129.330002,113.146065,307038400,136.01172707425388,129.15427182574626,0.02562614962627537
2011-08-01,130.83999599999999,130.96000700000002,127.529999,128.779999,112.66488600000001,325790900,136.08718884549828,128.56481015450188,0.028606489295158813
2011-08-02,127.809998,128.5,125.489998,125.489998,109.78656000000001,346653800,136.6841323250937,127.13586667490647,-0.17237357392483005
2011-08-03,125.660004,126.309998,123.529999,126.16999799999999,110.3815,370830800,136.82988375354452,126.2101149464556,-0.0037775724862139206
2011-08-04,124.41999799999999,124.620003,120.059998,120.260002,105.21106699999999,520721800,137.79227068235764,123.73772811764245,-0.24744498809754908
2011-08-05,121.760002,122.07,116.860001,120.08000200000001,105.053574,655619200,138.3241362830501,121.77386331695004,-0.10234642778518344
2011-08-08,116.910004,120.120003,112.019997,112.260002,98.212151,702263900,140.47544135372652,117.65155834627359,-0.2362243245162545
2011-08-09,114.07,117.639999,110.269997,117.480003,102.77892299999999,717828700,140.82909459768317,115.90590600231698,0.06315792987963333
2011-08-10,115.260002,116.279999,111.949997,112.290001,98.23838,662607400,141.64298894372376,113.13701215627634,-0.02971345842985876
2011-08-11,113.260002,118.91999799999999,112.32,117.33000200000001,102.647705,487979700,141.53796538980401,111.88203661019611,0.18370577533724194
2011-08-12,118.400002,119.209999,117.279999,118.120003,103.338837,313731600,141.1392259459608,110.92377615403933,0.23816381670693126
2011-08-15,119.190002,120.739998,119.0,120.620003,105.526009,258810600,140.66292150415637,110.40108079584375,0.3376834311783688
2011-08-16,119.470001,120.690002,118.309998,119.589996,104.62490799999999,294095200,139.83002763448386,109.91997466551629,0.3233033837993065
2011-08-17,120.25,121.199997,118.720001,119.66999799999999,104.694885,238201100,138.88398577837015,109.56801692163,0.34458970562207447
2011-08-18,116.5,119.709999,113.389999,114.510002,100.180588,512956300,137.66131161930525,108.79269078069487,0.1980458731044922
2011-08-19,112.959999,115.879997,112.5,112.639999,98.544586,428281300,136.2630906955994,107.99691140440072,0.1642630066046816
2011-08-22,115.16999799999999,115.230003,112.410004,112.730003,98.623329,275090600,134.67062347703632,107.4793787229638,0.19309981299218726
2011-08-23,113.150002,116.57,112.58000200000001,116.440002,101.869087,331136600,132.67007349693344,107.79092870306664,0.34764351301438357
2011-08-24,116.190002,118.239998,115.91999799999999,118.08000200000001,103.30385600000001,246869700,131.06876626070448,108.14023553929559,0.43351083335764873
2011-08-25,118.730003,119.400002,115.870003,116.279999,101.729088,312365400,129.29916592122078,108.51583567877927,0.3735764783915903
2011-08-26,115.690002,118.510002,113.849998,117.970001,103.207611,314495900,127.50160505247827,109.17739644752179,0.479835432025147
2011-08-29,119.559998,121.43,118.059998,121.360001,106.173401,190977200,125.86388707062649,110.07311462937356,0.7147773430728301
2011-08-30,120.83000200000001,122.43,119.260002,121.68,106.45336200000001,241315700,125.07007074924545,110.4859311507546,0.7675508571245273
2011-08-31,122.459999,123.510002,121.300003,122.220001,106.925789,301828400,124.08723389543358,111.07376830456649,0.856515323885436
2011-09-01,122.290001,123.400002,120.779999,120.940002,105.80596899999999,254585900,124.18696145261909,111.04204074738097,0.7529875207748344
2011-09-02,118.41999799999999,120.870003,117.43,117.849998,103.10260799999999,255517200,123.9742325386014,111.03176926139867,0.5268107463446452
2011-09-06,114.389999,117.160004,114.379997,116.989998,102.350235,285130500,123.7319604580991,111.74704094190098,0.43746285079452957
2011-09-07,118.760002,120.339996,118.360001,120.290001,105.237305,209803200,123.97768583052321,111.78231536947682,0.6976160058194085
2011-09-08,119.57,120.940002,118.769997,119.040001,104.14373,250568200,123.73174559694478,112.70325560305527,0.574579602507297
2011-09-09,117.68,119.059998,115.279999,115.91999799999999,101.41415400000001,380195100,123.74444763447681,112.54955316552318,0.3010698174800966
2011-09-12,114.470001,116.760002,114.050003,116.66999799999999,102.07028199999999,305793500,123.71084658388354,112.43815371611645,0.3754066870733253
2011-09-13,117.050003,118.18,116.220001,117.739998,103.00638599999999,272514700,123.43872324184017,112.42227655815984,0.4827075003882868
2011-09-14,118.339996,120.800003,116.720001,119.370003,104.432426,319389500,123.41463327066009,112.42436722933988,0.6319806767685644
2011-09-15,120.650002,121.470001,119.400002,121.43,106.23463400000001,326777200,123.67435315919344,112.34064754080653,0.8019753437434995
2011-09-16,121.290001,121.970001,120.32,121.519997,106.863403,284528300,123.9809967748974,112.73500342510256,0.7811665276378367
2011-09-19,119.529999,120.93,118.720001,120.309998,105.799347,241517000,123.7332669582951,113.74973314170487,0.657108492725646
2011-09-20,120.82,121.989998,120.010002,120.16999799999999,105.676231,218932200,123.25555836392195,114.971441236078,0.6275329867619808
2011-09-21,120.230003,120.599998,116.440002,116.629997,102.563187,316251300,123.2400366607607,115.00596243923928,0.1972334128973453
2011-09-22,113.25,114.209999,111.300003,112.860001,99.24787099999999,513911300,123.83111168672129,113.89288731327868,-0.1039306695508715
2011-09-23,112.110001,114.160004,112.019997,113.540001,99.84585600000001,307242500,124.12614806734726,113.32385113265269,0.020009620977283708
2011-09-26,114.610001,116.400002,112.980003,116.239998,102.22023,260673700,124.14494518849222,113.13205371150772,0.2822096535671377
2011-09-27,118.529999,119.559998,116.839996,117.540001,103.363449,311753900,123.81984570495878,113.07515319504115,0.41553983986397763
2011-09-28,117.779999,118.489998,114.970001,115.139999,101.252892,286696800,123.46045631116176,112.78054248883818,0.22092467696040702
2011-09-29,117.050003,117.629997,113.93,116.050003,102.053139,298108900,122.85965684761791,112.764342152382,0.32546393518257954
2011-09-30,114.449997,115.449997,113.07,113.150002,99.50293,288392300,122.65277831656046,112.19222068343946,0.09156121022917012
2011-10-03,112.489998,113.949997,109.809998,109.93,96.671288,365136800,123.22936148183048,110.8236377181694,-0.07203430732409467
2011-10-04,108.349998,112.58000200000001,107.43,112.339996,98.790604,459177500,123.34163003068292,110.24636896931699,0.15987669286408476
2011-10-05,112.620003,114.720001,111.58000200000001,114.41999799999999,100.619759,284108000,122.91315905459703,110.08783964540288,0.33778171259356676
2011-10-06,114.360001,116.660004,113.510002,116.489998,102.440071,257800800,122.67348184143012,110.07251655856979,0.5092849077331549
2011-10-07,117.16999799999999,117.25,115.059998,115.709999,101.75415799999999,312657900,122.66685933514526,110.05813916485468,0.44825008080221856
2011-10-10,117.68,119.629997,117.66999799999999,119.58000200000001,105.157372,230666300,122.97447825585272,110.04152064414725,0.7375328708430614
2011-10-11,118.870003,120.040001,118.75,119.699997,105.26291699999999,209088000,123.20905852874489,110.00294027125511,0.734285165381224
2011-10-12,120.599998,122.139999,120.33000200000001,120.75,106.186264,281544900,123.42683576133555,109.92316273866444,0.8017698031608544
2011-10-13,120.040001,120.870003,119.120003,120.510002,105.97522,212538800,123.25581173691606,110.00218696308394,0.7928257526697624
2011-10-14,121.910004,122.599998,121.230003,122.57,107.78674299999999,211397600,123.4857250733218,109.87727392667823,0.9327090891201335
2011-10-17,121.989998,122.550003,119.93,120.230003,105.72898899999998,202311600,123.47283270904086,109.88216679095916,0.7613928759203447
2011-10-18,120.139999,123.5,119.199997,122.58000200000001,107.79556299999999,318857900,123.93117220416548,109.66482769583459,0.9052896694471069
2011-10-19,122.379997,123.08000200000001,120.709999,121.129997,106.52044699999999,226601300,124.41311666278936,109.63288323721069,0.7778709193382837
2011-10-20,121.43,122.099998,119.82,121.660004,106.986526,262075600,124.85737794362795,110.06862225637208,0.7837969595790083
2011-10-21,123.089996,124.120003,122.720001,123.970001,109.01790600000001,278999400,125.67902045127798,110.28997974872209,0.8889456799607958
2011-10-24,124.16999799999999,125.800003,124.059998,125.489998,110.354561,203215600,126.78509141853515,110.10890878146493,0.9223387362251463
2011-10-25,124.889999,124.949997,122.779999,123.050003,108.20886999999999,268596800,127.29522162137158,110.1497787786285,0.7523995932733581
2011-10-26,124.349998,124.769997,122.209999,124.300003,109.30811299999999,289053800,127.92438624786217,110.43661455213788,0.7927475660750809
2011-10-27,127.629997,129.419998,126.610001,128.630005,113.11586799999999,393220200,129.37637442566142,110.24262657433867,0.9609919900972347
2011-10-28,128.0,128.850006,127.800003,128.600006,113.08948500000001,225906500,130.37709130557386,110.78691009442626,0.9092869388792271
2011-10-31,127.160004,128.619995,125.32,125.5,110.36338,228146700,129.99742757873784,112.72357382126228,0.7396395939272381
2011-11-01,122.029999,123.510002,121.519997,122.0,107.2855,416565800,129.36479800977446,114.32220379022566,0.5104037307472244
2011-11-02,123.83000200000001,124.400002,122.790001,123.989998,109.0355,244717600,129.02827263870034,115.61572916129978,0.6243609836426943
2011-11-03,125.269997,126.5,123.599998,126.25,111.02291899999999,291174800,129.1392301067982,116.48077189320189,0.7717549753654108
2011-11-04,125.230003,125.699997,124.010002,125.480003,110.345772,249401600,128.77048060770446,117.82652179229567,0.6993338824455773
2011-11-07,125.389999,126.389999,124.199997,126.260002,111.0317,196617200,128.96244213420658,118.3025602657935,0.746484982895135
2011-11-08,126.91999799999999,128.020004,125.709999,127.879997,112.456322,224426300,129.35623336650752,118.72676903349254,0.8611184608877843
2011-11-09,124.889999,125.800003,122.860001,123.160004,108.30561100000001,337982000,129.2676834093557,119.05631939064438,0.4018742845555232
2011-11-10,124.790001,124.940002,123.019997,124.32,109.32570600000001,231866500,129.16006127658358,119.54494132341651,0.49661977175964983
2011-11-11,125.83000200000001,126.989998,125.790001,126.660004,111.38346100000001,189924400,129.39317784087385,119.72082515912619,0.7174240920689835
2011-11-14,126.190002,127.449997,124.91999799999999,125.459999,110.32818600000002,159258300,129.21516757674667,120.4218350232534,0.5729527396009972
2011-11-15,125.16999799999999,126.75,124.720001,126.08000200000001,110.873383,184709400,129.29255157597922,120.69445102402081,0.6263652004805317
2011-11-16,124.809998,126.339996,123.900002,124.08000200000001,109.11464699999999,235782500,129.06827185091458,121.21373124908547,0.36491895531701235
2011-11-17,123.849998,124.160004,121.230003,122.110001,107.382225,331219600,129.0111498302715,121.31585296972857,0.10319914158781378
2011-11-18,122.5,122.75,121.470001,121.980003,107.26792900000001,215580400,129.13787478589117,120.99012821410892,0.12149062040285681
2011-11-21,120.199997,120.349998,118.650002,119.660004,105.22773000000001,229611600,129.4999219559147,120.04508164408536,-0.04072809602120624
2011-11-22,119.400002,120.099998,118.519997,119.190002,104.814415,216494900,129.88307954607026,119.27592395392982,-0.008100376503713941
2011-11-23,118.07,119.190002,116.559998,116.559998,102.50164000000001,224329100,130.59721423541464,117.78778876458544,-0.09585057248519756
2011-11-25,116.379997,117.699997,116.199997,116.339996,102.308159,99557000,130.5253947917549,116.6306073082452,-0.020915131562112808
2011-11-28,119.540001,120.18,118.82,119.709999,105.27170600000001,210686000,129.8621374428541,116.404863957146,0.24560213080042637
2011-11-29,120.050003,121.0,119.610001,120.050003,105.570702,199241500,129.62742943057515,116.09457226942497,0.29228349072730875
2011-11-30,123.489998,125.220001,120.0,124.989998,109.914864,324439500,129.82875707509973,116.19224442490038,0.6451615453875597
2011-12-01,124.849998,125.639999,124.43,124.970001,109.897278,176954800,129.92134272452978,116.19765907547036,0.6392119017644995
2011-12-02,126.120003,126.5,124.779999,124.860001,109.800575,221109700,129.74307524499395,116.23692665500617,0.6384554625280952
2011-12-05,126.839996,127.18,125.440002,126.220001,110.996544,225263900,129.8453116351248,116.20869006487533,0.7341489153710905
2011-12-06,126.209999,127.110001,125.760002,126.260002,111.0317,178842100,129.8453116351248,116.20869006487533,0.7370822665529752
2011-12-07,125.839996,127.260002,124.970001,126.730003,111.44501499999998,237802500,129.63313376613044,116.30586853386971,0.7821660546604142
2011-12-08,125.900002,126.18,123.650002,123.949997,109.00031299999999,240862800,129.68673875031482,116.33126284968536,0.5704577064120612
2011-12-09,124.510002,126.370003,124.400002,126.050003,110.84703799999998,209111400,129.8885655958236,116.30243630417654,0.7174645910234645
2011-12-12,124.949997,124.970001,123.160004,124.209999,109.228958,215826100,129.58126509951643,116.36473630048376,0.5935947947308555
2011-12-13,124.860001,125.57,122.449997,123.050003,108.20886999999999,245159800,129.35689402351926,116.34810777648087,0.5151822081053028
2011-12-14,122.559998,123.029999,121.470001,121.739998,107.05686200000001,238618800,128.97398772960287,116.29701367039723,0.4293599012021513
2011-12-15,123.029999,123.199997,121.989998,122.18,107.44381000000001,199109200,128.84469103874963,116.23631016125046,0.47140785930385526
2011-12-16,122.230003,122.949997,121.300003,121.589996,107.603096,220481400,128.83044491822324,116.19855578177686,0.4268118695458934
2011-12-19,122.059998,122.32,120.029999,120.290001,106.452629,183903000,128.82083076352924,116.03916973647083,0.33257268007110247
2011-12-20,122.18,124.139999,120.370003,123.93,109.673927,225418100,128.92912896101353,116.35787113898654,0.6023366132660014
2011-12-21,123.93,124.360001,122.75,124.16999799999999,109.886299,194230900,128.9939561133609,116.79104358663918,0.6046879707776741
2011-12-22,124.629997,125.400002,124.230003,125.269997,110.85976399999998,119465400,128.7295709052503,117.92642869474973,0.6797622545514928
2011-12-23,125.66999799999999,126.43,125.410004,126.389999,111.850945,92187200,128.2810261968515,119.37997370314852,0.7875501578954501
2011-12-27,126.16999799999999,126.82,126.059998,126.489998,111.93943,86075700,128.32135695762702,120.017642842373,0.7794530336415618
2011-12-28,126.510002,126.529999,124.730003,124.83000200000001,110.47038300000001,119107100,128.08498829676233,120.73201140323772,0.5573240139474905
2011-12-29,125.239998,126.25,124.860001,126.120003,111.611977,123507200,128.21314917415987,120.7168510258402,0.7207760240127243
2011-12-30,126.019997,126.33000200000001,125.5,125.5,111.063309,95599000,128.26210954916294,120.7208905508371,0.6337316885007407
2012-01-03,127.760002,128.380005,127.43,127.5,112.83323700000001,193697900,128.62612822182186,120.62087177817816,0.8593264026268613
2012-01-04,127.199997,127.809998,126.709999,127.699997,113.010254,127186500,128.87529584904183,120.5197037509582,0.8593398486611866
2012-01-05,127.010002,128.229996,126.43,128.03999299999998,113.311104,173895000,129.17497309137818,120.39802560862184,0.8706862387398309
2012-01-06,128.199997,128.220001,127.290001,127.709999,113.019089,148050000,129.33580224171385,120.33519605828617,0.819367361644224
2012-01-09,128.0,128.179993,127.410004,128.020004,113.293442,99530200,129.73455544690935,120.34344355309065,0.8174282804533631
2012-01-10,129.389999,129.649994,128.949997,129.130005,114.275764,115282000,130.21859815870886,120.16740104129117,0.891695173620421
2012-01-11,128.729996,129.369995,128.520004,129.199997,114.33768500000001,111540700,130.75016581502146,120.13483318497855,0.8539688892428802
2012-01-12,129.570007,129.699997,128.53999299999998,129.509995,114.612007,118983700,131.24364099470864,120.28735720529139,0.8417669687980173
2012-01-13,128.639999,129.050003,127.720001,128.83999599999999,114.01909599999999,179836200,131.41747046719217,120.82352753280786,0.7567030063163179
2012-01-17,130.080002,130.320007,128.899994,129.33999599999999,114.46159399999999,132209200,131.61965182177462,121.33734577822545,0.7782933310757822
2012-01-18,129.309998,130.83999599999999,129.080002,130.770004,115.727097,163395200,131.87618298545073,121.99881541454931,0.8880087252488696
2012-01-19,131.220001,131.570007,130.800003,131.46000700000002,116.337708,126328900,131.7480759230459,123.24392307695419,0.9661260882466077
2012-01-20,131.240005,131.949997,130.919998,131.949997,116.771317,138230200,132.24468971718323,123.54930898281688,0.9661092796065228
2012-01-23,131.509995,132.25,130.979996,131.610001,116.470459,129295800,132.54659387363094,123.9914051263692,0.890523412013475
2012-01-24,130.800003,131.5,130.600006,131.46000700000002,116.337708,103083300,132.8381593983016,124.31884060169857,0.838232089770945
2012-01-25,131.259995,132.869995,130.75,132.559998,117.31118000000001,198613200,133.36728804492645,124.40671185507371,0.9099064582654128
2012-01-26,133.149994,133.399994,131.360001,131.880005,116.709419,184880500,133.6779465945141,124.63505400548607,0.8011762744262179
2012-01-27,131.240005,132.050003,131.149994,131.820007,116.65631100000002,135259100,133.68714080566616,125.32486029433399,0.7767195440124373
2012-01-30,130.509995,131.440002,130.059998,131.369995,116.25804099999999,147311800,133.70672205252868,125.83027824747148,0.7033271473315972
2012-01-31,132.020004,132.179993,130.679993,131.320007,116.21381399999999,157212000,133.498105380209,126.62089561979111,0.6832874877911744
2012-02-01,132.28999299999998,133.139999,132.130005,132.470001,117.23153700000002,166234500,133.68558738972467,126.93041371027545,0.8200510531027845
2012-02-02,132.729996,133.020004,132.21000700000002,132.679993,117.41736599999999,113090400,133.8584542161014,127.25554648389874,0.8215239006969622
2012-02-03,134.0,134.619995,133.770004,134.53999299999998,119.0634,160598500,134.41200685640462,127.3519938435955,1.0181283155375431
2012-02-06,133.979996,134.509995,133.830002,134.449997,118.98378000000001,107694500,134.76084401815208,127.67715648184806,0.9561179094138481
2012-02-07,134.169998,135.020004,133.639999,134.78999299999998,119.28466,135528100,135.10607678267536,128.00892261732474,0.9554633060926665
2012-02-08,134.860001,135.220001,134.309998,135.190002,119.63863400000001,139361400,135.5676778212234,128.15332127877667,0.9490615511863708
2012-02-09,135.41000400000001,135.58999599999999,134.559998,135.360001,119.789055,148602900,135.9674196825319,128.3695798174682,0.9200537661599171
2012-02-10,134.16000400000001,134.470001,133.83999599999999,134.360001,118.90412099999999,167907500,136.11334404204982,128.70865605795026,0.7632117591160026
2012-02-13,135.320007,135.520004,134.740005,135.360001,119.789055,115841900,136.2592283877892,129.21477221221087,0.8723496370228523
2012-02-14,135.0,135.270004,134.25,135.190002,119.63863400000001,165329500,136.32847592584176,129.7305252741583,0.8274503727075789
2012-02-15,135.630005,135.830002,134.28999299999998,134.559998,119.081093,195195100,136.4049654477404,130.03303515225966,0.7104539186423724
2012-02-16,134.570007,136.169998,134.330002,136.050003,120.39971899999999,186567800,136.75976927395703,130.137230926043,0.8928256452934558
2012-02-17,136.520004,136.630005,135.96000700000002,136.41000400000001,120.7183,129869400,137.15414320071898,130.18885769928102,0.8931645801790412
2012-02-21,136.729996,137.050003,136.050003,136.470001,120.77140800000001,134042300,137.4689682940815,130.36003260591855,0.8594772357070453
2012-02-22,136.259995,136.550003,135.78999299999998,136.029999,120.382034,124455300,137.61981657738914,130.66618352261088,0.7713687845094616
2012-02-23,135.96000700000002,136.729996,135.5,136.630005,120.912971,137704300,137.90858887126655,130.78441192873345,0.8205289001690746
2012-02-24,136.929993,137.199997,136.630005,136.929993,121.17845200000001,105539100,138.1408092790329,131.0571903209671,0.8290681237654367
2012-02-27,136.020004,137.529999,135.800003,137.16000400000001,121.382019,145728900,138.32998371050664,131.40201558949335,0.8311222439147856
2012-02-28,137.199997,137.720001,136.929993,137.559998,121.73600800000001,129355900,138.42368644243172,131.9273131575683,0.8670506751137426
2012-02-29,137.759995,138.190002,136.53999299999998,137.020004,121.258133,185934700,138.25254760341517,132.6684516965849,0.779276068323332
2012-03-01,137.309998,137.990005,136.929993,137.729996,121.886459,145023500,138.31307079572176,133.13392800427826,0.8874186676827951
2012-03-02,137.639999,137.820007,137.0,137.309998,121.51478600000002,120638300,138.20445007880193,133.7055492211981,0.8011843098764532
2012-03-05,137.100006,137.199997,136.279999,136.75,121.01918799999999,140765000,138.23809023385886,133.89290976614117,0.6575308563327684
2012-03-06,135.350006,135.429993,134.360001,134.75,119.249252,202129900,138.20983880479008,133.95116149520993,0.1875790173143746
2012-03-07,135.059998,135.91000400000001,134.929993,135.690002,120.081116,143692200,138.17660936553037,134.07439183446965,0.39383824804448897
2012-03-08,136.520004,137.320007,136.240005,137.03999299999998,121.275826,116968900,138.2583040196399,134.17769628036015,0.7014388303211536
2012-03-09,137.300003,137.929993,137.130005,137.570007,121.744827,122836800,138.41207243793272,134.2449284620673,0.7979274431577954
2012-03-12,137.550003,137.759995,137.08999599999999,137.580002,121.753716,104003500,138.4249802479677,134.55402075203233,0.7817134876107709
2012-03-13,138.320007,140.130005,138.08999599999999,140.059998,123.94841799999999,184090500,139.15942490291192,134.28957579708813,1.1849283371041417
2012-03-14,140.100006,140.449997,139.479996,139.91000400000001,123.81568899999999,145163600,139.66880739331674,134.25219350668328,1.0445290382019796
2012-03-15,140.119995,140.779999,139.759995,140.720001,124.532486,165118500,140.2177217780589,134.31927942194113,1.0851545529507725
2012-03-16,140.360001,140.479996,140.0,140.300003,124.70488700000001,152893500,140.6637566647397,134.29824453526032,0.9428555539066337
2012-03-19,140.21000700000002,141.279999,140.110001,140.850006,125.193794,125291100,141.17725729072086,134.22874410927918,0.9529034079413009
2012-03-20,140.050003,140.610001,139.639999,140.440002,124.82941399999999,121729700,141.52939043773557,134.27361106226448,0.8498592113455974
2012-03-21,140.520004,140.649994,139.919998,140.21000700000002,124.62494699999999,122388400,141.76593923296423,134.45506306703584,0.7871756821411534
2012-03-22,139.179993,139.550003,138.740005,139.199997,123.72721100000001,135216700,141.85578822859648,134.62221327140358,0.6328521866002609
2012-03-23,139.320007,139.809998,138.550003,139.649994,124.127205,120521000,141.98909458028538,134.76090701971464,0.6763918256569574
2012-03-26,140.649994,141.610001,140.600006,141.610001,125.869324,120164000,142.43750712492061,134.75749417507944,0.8922519883332076
2012-03-27,141.740005,141.830002,141.080002,141.169998,125.47820300000001,119868500,142.74978434242738,134.80621695757267,0.8011238193258835
2012-03-28,141.100006,141.320007,139.639999,140.470001,124.85604099999999,148562100,142.90041724983,135.00058375017005,0.6923458893235368
2012-03-29,139.639999,140.490005,139.08999599999999,140.229996,124.642715,164963700,143.0210170380011,135.12998396199896,0.6463047346121216
2012-03-30,140.919998,141.050003,140.050003,140.809998,125.158249,135486800,143.17673375768416,135.32426724231587,0.6985997007370682
2012-04-02,140.639999,142.21000700000002,140.360001,141.83999599999999,126.073746,151741100,143.4085827922434,135.60141780775666,0.7990836884630608
2012-04-03,141.639999,141.880005,140.429993,141.259995,125.55821200000001,155806700,143.09856785511167,136.56243224488836,0.718706439897619
2012-04-04,140.220001,140.33999599999999,139.33999599999999,139.860001,124.31385,146896000,142.66353888562833,137.41446111437176,0.46589896210335957
2012-04-05,139.380005,140.199997,139.259995,139.78999299999998,124.25164,137439400,142.3964481843328,137.95655181566727,0.412946842019148
2012-04-09,138.029999,139.83999599999999,137.83999599999999,138.220001,122.856125,127555900,142.28247962201678,138.13551977798332,0.020371844723364445
2012-04-10,137.949997,138.33999599999999,135.759995,135.899994,120.79403700000002,235360300,142.71796732344163,137.53203127655846,-0.31470447414008196
2012-04-11,137.28999299999998,137.53999299999998,136.75,137.0,121.771774,154133000,142.91817483795714,137.0258239620429,-0.004382624624146401
2012-04-12,137.130005,138.899994,137.029999,138.78999299999998,123.36277,154321500,142.9093365609602,136.92266113903983,0.31191466537886137
2012-04-13,138.470001,138.820007,137.009995,137.139999,121.896179,169246700,142.94813957335774,136.52585792664232,0.09562661794375919
2012-04-16,137.83999599999999,138.03999299999998,136.580002,137.050003,121.816216,147825300,142.98822084164917,136.1607766583509,0.13024293099669546
2012-04-17,137.83999599999999,139.360001,137.699997,139.080002,123.620567,147877600,142.85192942298914,136.12006767701092,0.4396903018332814
2012-04-18,138.46000700000002,139.080002,138.380005,138.610001,123.202805,123884200,142.75071455509493,136.03828244490512,0.3831276820201864
2012-04-19,138.630005,139.149994,137.070007,137.720001,122.41171299999999,198666700,142.68309266752536,135.8569037324747,0.2729337387599668
2012-04-20,138.330002,138.830002,137.869995,137.949997,122.616142,143199600,142.67139146929892,135.74360493070114,0.31848441879755734
2012-04-23,136.53999299999998,136.91000400000001,135.940002,136.78999299999998,121.58511399999999,171844900,142.68411407417898,135.44488222582106,0.1858084949280956
2012-04-24,136.91000400000001,137.66000400000001,136.800003,137.309998,122.047302,137484200,142.34104801200868,135.3579479879914,0.279539173904833
2012-04-25,138.649994,139.25,138.529999,139.190002,123.718323,150252200,142.07321365818254,135.42778274181754,0.5661362378950678
2012-04-26,138.889999,140.320007,138.809998,140.16000400000001,124.580505,136291600,142.0266878023294,135.44330889767062,0.7164550560794222
2012-04-27,140.580002,140.78999299999998,139.800003,140.389999,124.784935,130725000,142.05072538747945,135.4352716125206,0.7489625891173595
2012-04-30,140.110001,140.21000700000002,139.490005,139.869995,124.322723,115092200,141.90530965228888,135.48668704771117,0.6829047635800677
2012-05-01,139.78999299999998,141.66000400000001,139.630005,140.740005,125.09600800000001,138832200,141.65521837668646,135.62677922331355,0.8481840235254918
2012-05-02,139.919998,140.46000700000002,139.46000700000002,140.320007,124.722733,121081000,141.46204355059334,135.72595524940667,0.8009032478881
2012-05-03,140.33999599999999,140.449997,138.990005,139.25,123.771667,143759700,141.38749199242827,135.73950670757173,0.6215478821874157
2012-05-04,138.520004,139.300003,136.919998,137.0,121.771774,193927300,141.26845799116273,135.57954140883731,0.24968877124615071
2012-05-07,136.509995,137.559998,136.46000700000002,137.100006,121.860634,127765900,141.2728272758335,135.46317262416653,0.2817436618825217
2012-05-08,136.279999,136.770004,134.919998,136.550003,121.37178,213377700,141.20176092349323,135.59923987650677,0.16970273123822338
2012-05-09,135.100006,136.610001,134.490005,135.740005,120.651802,220752500,141.32205712786038,135.35294417213964,0.0648439442730595
2012-05-10,136.679993,136.850006,135.71000700000002,136.020004,120.90070300000001,150600000,141.34771495404237,135.05028744595768,0.1539861400226347
2012-05-11,135.169998,136.869995,135.110001,135.610001,120.53623999999999,153032400,141.44888019509548,134.79612240490454,0.12233702484937668
2012-05-14,134.309998,135.610001,133.91000400000001,134.110001,119.20298000000001,163910000,141.7333143685511,134.21768803144894,-0.014328417435725535
2012-05-15,134.020004,134.809998,133.130005,133.33999599999999,118.518547,207629300,141.93600449113313,133.44099730886694,-0.011889490697288776
2012-05-16,133.940002,134.550003,132.800003,132.830002,118.065262,207265500,142.1408430162636,132.65815888373646,0.018121780063736992
2012-05-17,132.860001,133.020004,130.78999299999998,130.860001,116.314247,247992900,142.62125660479126,131.49174529520883,-0.056762986049970716
2012-05-18,131.369995,131.600006,129.550003,129.740005,115.31874099999999,319615900,143.0770687162067,130.21493398379337,-0.036924584734486364
2012-05-21,130.16000400000001,132.020004,129.949997,131.970001,117.30085,177861100,143.16613074339344,129.64387275660667,0.17202217600539024
2012-05-22,132.309998,133.229996,131.33999599999999,132.199997,117.50529499999999,197531200,143.1486527949048,129.15035060509527,0.21785830549684854
2012-05-23,131.25,132.46000700000002,129.990005,132.270004,117.56748999999999,204958400,142.85377380592422,128.75322979407588,0.24940698762892147
2012-05-24,132.630005,132.83999599999999,131.419998,132.529999,117.798607,167357600,142.30341745840624,128.54058564159388,0.2898686412437844
2012-05-25,132.479996,132.850006,131.779999,132.100006,117.416428,135465600,141.62246754609333,128.39253625390677,0.2802334845293433
2012-05-29,133.16000400000001,133.929993,131.169998,133.699997,118.83856200000001,152883500,140.92309265047305,128.47491134952708,0.4197469111472412
2012-05-30,132.559998,133.690002,131.490005,131.759995,117.11419699999999,162370400,139.9091573221167,128.5908456778834,0.2800019492069107
2012-05-31,131.71000700000002,132.449997,130.33999599999999,131.470001,116.85643799999998,196186000,138.814675371867,128.80032702813315,0.26658489202018876
2012-06-01,129.41000400000001,131.5,128.16000400000001,128.16000400000001,113.91435200000001,253240900,138.17801913466667,128.32798366533348,-0.01705371172077957
2012-06-04,128.389999,128.740005,127.139999,128.100006,113.861046,202545800,137.9125490418827,127.70345435811743,0.038842978164673754
2012-06-05,127.849998,129.259995,127.779999,129.070007,114.72321299999999,164149400,137.35029480062602,127.46270869937408,0.16255719891252485
2012-06-06,129.970001,132.029999,129.929993,131.970001,117.30085,184202800,136.72128364961767,127.63371965038246,0.47716652669323334
2012-06-07,133.470001,133.529999,131.779999,132.050003,117.37196399999999,184772700,136.21605371723703,127.76994938276309,0.5067488451175396
2012-06-08,131.71000700000002,133.130005,131.28999299999998,133.100006,118.30526,143915400,135.66647244107037,128.02753085892977,0.6640285288906242
2012-06-11,134.169998,134.25,131.279999,131.41000400000001,116.80311599999999,169756100,135.0225282827682,128.25147531723192,0.46647525855203964
2012-06-12,131.78999299999998,133.009995,131.16000400000001,132.919998,118.145241,181931800,134.81878304979938,128.3362202502007,0.7070934584826638
2012-06-13,132.529999,133.360001,131.619995,132.070007,117.38975500000001,172223900,134.6582059187329,128.36979848126714,0.5884174261176774
2012-06-14,132.33999599999999,134.0,131.979996,133.470001,118.63413999999999,230615500,134.7588768019768,128.33312749802323,0.7994201545983429
2012-06-15,133.380005,134.259995,133.100006,134.139999,119.847435,169444500,135.1051217517966,128.31488234820344,0.8578661672391269
2012-06-18,133.580002,134.729996,133.279999,134.399994,120.079742,131360900,135.40776770128082,128.4782352987192,0.8545682965695802
2012-06-19,135.080002,136.25,134.369995,135.699997,121.241211,137382600,135.98042096176022,128.2785816382398,0.9635900010399019
2012-06-20,135.71000700000002,136.100006,134.270004,135.479996,121.044655,206451800,136.42612985315918,128.16087264684086,0.8855288069636943
2012-06-21,135.639999,135.779999,132.330002,132.440002,118.328552,205272200,136.4351255307822,128.1688767692178,0.5166944951671018
2012-06-22,133.130005,133.71000700000002,132.619995,133.46000700000002,119.239899,130029200,136.51323203937466,128.18377106062536,0.6334426624766909
2012-06-25,132.050003,132.100006,130.850006,131.320007,117.32791100000001,146375700,136.49856722405062,128.1204359759494,0.3818955479810305
2012-06-26,131.699997,132.380005,130.929993,131.979996,117.91758,141634000,136.36269706358198,128.08430603641798,0.4705854012934443
2012-06-27,132.419998,133.429993,131.970001,133.169998,118.980804,108088000,136.44796174867244,128.14004165132755,0.6054411079711701
2012-06-28,132.28999299999998,132.990005,131.279999,132.78999299999998,118.641281,169242100,136.5007611001082,128.21924149989172,0.551921835696528
2012-06-29,135.199997,136.270004,134.850006,136.100006,121.59861000000001,212250900,136.72100952385455,128.7929932761454,0.9216697463209685
